Abomasnow 1 Leftovers Frost Breath Icy Wind Leech Seed Ingrain Impish HP/Def/SpD 186 112 127 100 126 80 53,20 34,64
Abomasnow,Miracle Seed Wood Hammer Brick Break Double Team Blizzard Lonely HP/Atk/SpA 186 146 85 133 105 80 35,61 28,87
Abomasnow,Focus Sash Blizzard Wood Hammer Focus Blast Ice Shard Quiet HP/SpA 197 112 95 158 105 72 42,15 30,58
Abomasnow,Occa Berry Blizzard Focus Blast Protect Ice Shard Quiet HP/SpA 197 112 95 158 105 72 42,15 30,58
Absol,Sitrus Berry Payback Mean Look Hone Claws Baton Pass Careful HP/Def/SpD 140 182 80 85 80 139 25,23 16,56
Absol,Chople Berry Sucker Punch Magic Coat Psycho Cut Taunt Adamant HP/Atk 172 200 80 85 80 90 30,99 20,34
Absol,Scope Lens Night Slash Zen Headbutt Sucker Punch Superpower Jolly Atk/Spd 140 182 80 85 80 139 25,23 16,56
Absol,BrightPowder Substitute Swagger Punishment Will-O-Wisp Jolly Atk/Spd 140 182 80 85 80 139 25,23 16,56
Accelgor,Focus Sash Encore Bug Buzz Giga Drain Me First Hasty Spd/SpA 155 90 54 152 80 216 18,85 18,33
Accelgor,Petaya Berry Energy Ball Sludge Bomb Bug Buzz Endure Modest Spd/SpA 155 81 60 167 80 197 20,95 18,33
Accelgor,Focus Sash U-turn Bug Buzz Focus Blast Final Gambit Timid HP/Spd 187 81 60 120 80 216 25,27 22,11
Accelgor,Focus Sash Bug Buzz Encore Focus Blast Protect Timid Spd/SpA 155 81 60 152 80 216 20,95 18,33
Aerodactyl,Choice Band Rock Slide - - - Jolly Atk/Spd 155 235* (157) 85 72 95 200 29,67 21,77
Aerodactyl,Passho Berry Crunch Rock Slide Roost Sky Drop Naive Atk/Spd 155 157 85 80 85 200 29,67 19,48
Aerodactyl,Rock Gem Taunt Earthquake Rock Slide Crunch Jolly Atk/Spd 155 157 85 72 95 200 29,67 21,77
Aerodactyl,Choice Band Stone Edge Aerial Ace Earthquake Crunch Jolly Atk/Spd 155 235* (157) 85 72 95 200 29,67 21,77
Aggron,Focus Sash Protect Roar Stealth Rock Metal Burst Impish HP/SpD 177 130 220 72 112 70 87,70 29,30
Aggron,King's Rock Thunder Wave Iron Head Fling Stomp Brave HP/Atk 177 178 200 80 80 63 79,73 20,93
Aggron,Steel Gem Iron Tail Dragon Rush Avalanche Aerial Ace Adamant Atk/Def 145 178 232 72 80 70 75,77 17,15
Aggron,Focus Sash Metal Burst Earthquake Stone Edge Shadow Claw Brave Atk/SpD 145 178 200 80 112 63 65,32 24,01
Alakazam,TwistedSpoon Energy Ball Psychic Telekinesis Guard Split Timid Spd/SpA 130 63 65 187 105 189 19,03 20,18
Alakazam,Focus Sash Psych Up Encore Protect Psychic Timid Spd/SpA 130 63 65 187 105 189 19,03 20,18
Alakazam,Wise Glasses Psychic Focus Blast Signal Beam Grass Knot Timid Spd/SpA 130 63 65 187 105 189 19,03 20,18
Alakazam,Choice Specs Psychic Focus Blast Disable Trick Timid Spd/SpA 130 63 65 280* (187) 105 189 19,03 20,18
Altaria,Pecha Berry Sing Cotton Guard Echoed Voice Roost Calm HP/SpD 182 81 110 90 172 100 45,09 46,27
Altaria,Yache Berry Dragon Claw Pluck Mist Hone Claws Lonely Atk/SpD 150 134 99 90 157 100 33,45 34,81
Altaria,Power Herb Dragon Dance Dragon Rush Sky Attack Earthquake Jolly Atk/Spd 150 122 110 81 125 145 37,16 27,72
Altaria,Sitrus Berry Cotton Guard Roost Flamethrower Dragon Pulse Calm HP/SpD 182 81 110 90 172 100 45,09 46,27
Ambipom,King's Rock Fake Out Fling Thief U-turn Naive Atk/Spd 150 152 86 80 77 183 29,05 17,07
Ambipom,Focus Sash Grass Knot Thunderbolt Nasty Plot Counter Timid Spd/SpA 150 108 86 112 86 183 29,05 19,07
Ambipom,Life Orb Fake Out Double Hit Payback Brick Break Jolly Atk/Spd 150 152 86 72 86 183 29,05 19,07
Ambipom,King's Rock Fling Taunt Return Payback Jolly Atk/Spd 150 152 86 72 86 183 29,05 19,07
Ampharos,Shuca Berry Power Gem Thunder Wave Discharge Charge Beam Mild HP/SpA/SpD 186 95 85 171 131 75 35,61 36,02
Ampharos,Lum Berry Brick Break ThunderPunch Screech Odor Sleuth Brave HP/Atk/Def 186 127 116 135 110 67 48,59 30,24
Ampharos,Chesto Berry Thunder Wave Charge Beam Hyper Beam Rest Modest HP/SpA 197 85 95 183 110 75 42,15 32,03
Ampharos,Zoom Lens Thunder Focus Blast Signal Beam Power Gem Quiet HP/SpA 197 95 95 183 110 67 42,15 32,03
Arcanine,Charcoal Flamethrower SolarBeam Incinerate Sunny Day Modest Spd/SpA 165 117 100 167 100 147 37,16 24,39
Arcanine,Fire Gem ExtremeSpeed Crunch Overheat Roar Naughty Atk/Spd 165 178 100 120 90 147 37,16 21,95
Arcanine,White Herb Overheat Sunny Day SolarBeam Dragon Pulse Timid Spd/SpA 165 117 100 152 100 161 37,16 24,39
Arcanine,Sitrus Berry Close Combat Flare Blitz Crunch ExtremeSpeed Jolly Atk/Spd 165 162 100 108 161 161 37,16 39,27
Archeops,Sitrus Berry Quick Attack Acrobatics Crunch U-turn Jolly Atk/Spd 150 192 85 118 85 178 28,72 18,85
Archeops,Enigma Berry Earthquake Earth Power Endeavor AncientPower Mild Spd/SpA 150 160 76 180 85 162 25,68 18,85
Archeops,Choice Band Aerial Ace Earthquake Head Smash U-turn Jolly Atk/Spd 150 288* (192) 85 118 85 178 28,72 18,85
Archeops,Sitrus Berry Rock Slide Earthquake Aerial Ace Protect Jolly Atk/Spd 150 192 85 118 85 178 28,72 18,85
Armaldo,Chesto Berry X-Scissor Rock Blast Rest Curse Brave HP/SpD 182 159 120 90 132 58 49,19 35,51
Armaldo,Razor Fang Rock Slide Earthquake X-Scissor Rock Polish Hasty HP/Spd 182 145 108 90 100 106 44,27 26,90
Armaldo,Life Orb X-Scissor Rock Slide Earthquake Iron Defense Adamant HP/SpD 182 159 120 81 132 65 49,19 35,51
Armaldo,Choice Band Superpower Stone Edge Earthquake X-Scissor Adamant HP/Atk 182 291* (194) 120 81 100 65 49,19 26,90
Articuno,Icy Rock Hail Blizzard Fly Roost Modest HP/SpA 197 94 120 161 145 105 53,24 42,22
Articuno,Lum Berry Sheer Cold Mind Reader Ice Shard Ice Beam Bold HP/SpD 197 94 132 115 177 105 58,57 51,54
Articuno,Lum Berry Blizzard Reflect Protect U-turn Timid Spd/SpA 165 94 120 147 145 150 44,59 35,37
Articuno,Ice Gem Tailwind Blizzard Sky Drop Protect Modest Spd/SpA 165 94 120 161 145 137 44,59 35,37
Bastiodon,Enigma Berry Iron Head Taunt Wide Guard Metal Burst Careful HP/Atk 167 104 188 60 173 50 70,71 42,71
Bastiodon,Chesto Berry Roar Rest Block Iron Defense Bold HP/Def 167 64 242 67 158 50 91,02 39,00
Bastiodon,Leftovers Stone Edge Fissure Double Team Iron Defense Careful HP/SpD 167 72 188 60 209 50 70,71 51,59
Bastiodon,Sitrus Berry Metal Burst Rock Slide Wide Guard Curse Brave HP/Atk 167 114 188 67 158 45 70,71 39,00
Beartic,Sitrus Berry Shadow Claw Stone Edge Avalanche Bulk Up Brave Atk/SpA 170 178 100 122 100 63 38,29 25,13
Beartic,NeverMeltIce Hail Icy Wind Grass Knot Blizzard Rash HP/SpA 202 130 100 134 90 70 45,50 26,87
Beartic,Sitrus Berry Swords Dance Avalanche Rock Slide Brick Break Adamant Atk/Def 170 178 132 81 100 70 50,54 25,13
Beartic,Lax Incense Icy Wind Icicle Crash Rock Slide Brick Break Jolly Atk/Spd 170 162 100 81 100 112 38,29 25,13
Bisharp,Sitrus Berry Night Slash Metal Claw Taunt Metal Burst Lax HP/Def 172 145 167 80 81 90 64,69 20,59
Bisharp,Chople Berry Aerial Ace Low Sweep Iron Head Scary Face Adamant HP/Atk 172 194 120 72 90 90 46,49 22,88
Bisharp,Chople Berry Iron Head Night Slash Low Sweep Sucker Punch Jolly Atk/Spd 140 177 120 72 90 134 37,84 18,63
Bisharp,Focus Sash Taunt Sucker Punch Rock Smash Iron Head Adamant HP/Atk 172 194 120 72 90 90 46,49 22,88
Blastoise,Zoom Lens Aqua Ring Rock Slide Aqua Tail Iron Defense Quiet HP/Def/SpD 175 103 141 115 146 88 55,57 37,77
Blastoise,Zoom Lens Hydro Pump Ice Beam Mist Focus Blast Quiet HP/SpA 186 103 120 150 125 88 50,27 34,37
Blastoise,Leftovers Fake Out Earthquake Aqua Tail Avalanche Adamant HP/Atk 186 148 120 94 125 98 50,27 34,37
Blastoise,Custap Berry Yawn Waterfall Focus Punch Rock Slide Adamant HP/Atk 186 148 120 94 125 98 50,27 34,37
Blaziken,Salac Berry Hi Jump Kick Counter Flamethrower Will-O-Wisp Naughty HP/Def/Spd 176 154 111 130 81 121 44,00 21,07
Blaziken,Salac Berry Blaze Kick Flame Charge Endure Reversal Adamant HP/Atk/Spd 176 177 90 117 90 121 35,68 23,41
Blaziken,Choice Band Flare Blitz Shadow Claw ThunderPunch Earthquake Hardy Atk/Spd 155 258* (172) 90 130 90 132 31,42 20,62
Blaziken,Shuca Berry Flame Charge Flare Blitz ThunderPunch Low Kick Hardy Atk/Spd 155 172 90 130 90 132 31,42 20,62
Blissey,Leftovers Attract Thunder Wave Heal Pulse Aromatherapy Calm Def/SpD 330 27 62 95 205 75 46,08 100,00
Blissey,Custap Berry Charge Beam Shadow Ball Grass Knot Thunder Wave Modest Def/SpA 330 27 62 139 155 75 46,08 75,61
Blissey,Leftovers Thunderbolt Ice Beam Counter Calm Mind Bold HP/Def 362 27 68 95 155 75 55,44 82,94
Blissey,Chople Berry Toxic Minimize Mud Bomb Softboiled Bold Def/SpD 330 27 68 95 187 75 50,54 91,22
Bouffalant,Silk Scarf Head Charge Pursuit Scary Face Aerial Ace Adamant HP/Atk 202 178 115 54 115 75 52,32 34,34
Bouffalant,Chople Berry Pursuit Revenge Retaliate Swagger Brave HP/Atk 202 178 115 60 115 67 52,32 34,34
Bouffalant,Sitrus Berry Swords Dance Earthquake Head Charge Payback Adamant HP/Atk 202 178 115 54 115 75 52,32 34,34
Bouffalant,Life Orb Earthquake Head Charge Payback Protect Adamant HP/Atk 202 178 115 54 115 75 52,32 34,34
Braviary,King's Rock Rock Slide Air Slash Tailwind Sky Drop Adamant Atk/Def/SpD 175 180 116 69 116 100 45,72 30,01
Braviary,Persim Berry Thrash Bulk Up Superpower Pluck Naughty Atk/Spd 175 192 95 77 85 132 37,44 21,99
Braviary,Flying Gem Brave Bird Return U-turn Rock Slide Adamant Atk/Spd 175 192 95 69 95 132 37,44 24,58
Braviary,Wacan Berry Brave Bird Tailwind Superpower Giga Impact Adamant Atk/Spd 175 192 95 69 95 132 37,44 24,58
Breloom,Black Belt Fake Tears Helping Hand Mach Punch Stun Spore Brave HP/Atk 167 200 100 80 80 81 37,61 19,75
Breloom,Toxic Orb Substitute Seed Bomb Wake-Up Slap Spore Jolly Atk/Spd 135 182 100 72 80 134 30,41 15,96
Breloom,Focus Sash Spore Focus Punch Rock Slide Seed Bomb Jolly Atk/Spd 135 182 100 72 80 134 30,41 15,96
Breloom,Toxic Orb Protect Leech Seed Substitute Focus Punch Careful HP/Def/SpD 156 150 121 72 111 90 42,51 25,60
Bronzong,Sitrus Berry Hypnosis Rain Dance Gyro Ball Trick Room Impish HP/Def/SpD 163 109 172 89 157 53 63,14 37,83
Bronzong,Damp Rock Rain Dance Light Screen Charge Beam Grass Knot Quiet HP/SpA 174 109 136 144 136 47 53,30 34,98
Bronzong,Quick Claw Iron Head Zen Headbutt Earthquake Explosion Adamant HP/Atk 174 155 136 89 136 53 53,30 34,98
Bronzong,Lum Berry Safeguard Rock Slide Zen Headbutt Trick Room Brave HP/Atk 174 155 136 99 136 47 53,30 34,98
Carracosta,Sitrus Berry Aqua Tail Rock Slide Shell Smash Iron Defense Naughty HP/Atk 181 176 153 103 76 52 62,37 20,33
Carracosta,Wide Lens Rock Slide Swagger Blizzard Hydro Pump Rash HP/SpA 181 128 153 148 76 52 62,37 20,33
Carracosta,Damp Rock Rain Dance Waterfall Rock Slide Earthquake Adamant Atk/Spd 149 176 153 92 85 84 51,34 18,72
Carracosta,Rindo Berry Waterfall Rock Slide Aqua Jet Earthquake Adamant Atk/Spd 149 176 153 92 85 84 51,34 18,72
Chandelure,Spell Tag Flamethrower Confuse Ray Will-O-Wisp Hex Modest HP/Spd/SpA 156 67 110 204 110 121 38,65 25,37
Chandelure,Chesto Berry Energy Ball Rest Heat Wave Will-O-Wisp Timid HP/Spd 167 67 110 165 110 145 41,37 27,15
Chandelure,White Herb Overheat Shadow Ball Protect Will-O-Wisp Modest HP/SpA 167 67 110 216 110 100 41,37 27,15
Chandelure,Leftovers Calm Mind Will-O-Wisp Shadow Ball Heat Wave Bold HP/SpD 167 67 121 165 142 100 45,51 35,05
Charizard,Salac Berry Dragon Claw Flame Charge Belly Drum Substitute Adamant HP/Spd/SpD 174 114 98 116 126 141 38,41 32,41
Charizard,Charti Berry Dragon Claw Shadow Claw Rock Slide Dragon Dance Adamant Atk/Spd 153 149 98 116 105 152 33,77 23,75
Charizard,Choice Scarf Heat Wave Rock Slide Air Slash Crunch Mild Atk/Spd/SpA 153 125 88 165 105 211* (141) 30,32 23,75
Charizard,Salac Berry Belly Drum Substitute Fire Punch Earthquake Adamant HP/Atk/Spd 174 137 98 116 105 141 38,41 27,01
Claydol,Absorb Bulb Psychic Ice Beam Protect Calm Mind Calm HP/SpD 167 81 125 90 189 95 47,02 46,66
Claydol,Sitrus Berry Sandstorm Toxic Cosmic Power Explosion Impish HP/Def 167 90 172 81 140 95 64,69 34,56
Claydol,Ground Gem Earth Power Psychic Ally Switch Ice Beam Modest SpA/SpD 135 81 125 134 172 95 38,01 34,32
Claydol,Custap Berry Earthquake Zen Headbutt Rock Slide Explosion Adamant Atk/SpD 135 134 125 81 172 95 38,01 34,32
Cobalion,Chesto Berry Focus Blast Flash Cannon Calm Mind Rest Bold HP/SpD 198 99 163 110 124 128 72,69 36,29
Cobalion,Sitrus Berry Metal Burst Sacred Sword Quick Attack Iron Head Brave HP/Atk 198 156 149 110 92 115 66,45 26,93
Cobalion,Lax Incense Swagger Substitute Psych Up Iron Head Jolly Atk/Spd 166 142 149 99 92 176 55,71 22,58
Cobalion,Life Orb Iron Head Close Combat Quick Guard Protect Jolly Atk/Spd 166 142 149 99 92 176 55,71 22,58
Cofagrigus,Chesto Berry Night Shade Will-O-Wisp Mean Look Rest Sassy HP/SpD 165 70 165 115 172 45 61,32 41,95
Cofagrigus,Spell Tag Shadow Ball Energy Ball Will-O-Wisp Nasty Plot Quiet HP/SpA 165 70 165 161 125 45 61,32 30,49
Cofagrigus,Sitrus Berry Will-O-Wisp Shadow Ball Destiny Bond Trick Room Quiet HP/SpA 165 70 165 161 125 45 61,32 30,49
Cofagrigus,Leftovers Will-O-Wisp Toxic Hex Calm Mind Bold HP/SpD 165 63 181 115 157 50 67,26 38,29
Conkeldurr,Black Belt Rock Slide Force Palm SmellingSalt Bulk Up Bold HP/Def/SpD 201 144 149 75 106 65 67,45 31,49
Conkeldurr,Iron Ball Mach Punch Hammer Arm Bulk Up Fling Brave Atk/SpD 180 211 115 75 117 29* (58) 46,62 31,13
Conkeldurr,Sitrus Berry Bulk Up Drain Punch Payback Stone Edge Adamant Atk/SpD 180 211 115 67 117 65 46,62 31,13
Conkeldurr,Iron Ball Fling Rock Slide Superpower Mach Punch Brave Atk/SpD 180 211 115 75 117 29* (58) 46,62 31,13
Cradily,Charti Berry Stealth Rock Gastro Acid Stockpile Swallow Bold Def/SpD 161 90 163 101 159 63 59,11 37,84
Cradily,Quick Claw Confuse Ray Energy Ball Stone Edge Earthquake Brave HP/Atk/SpA 182 134 117 122 127 56 47,96 34,17
Cradily,Leftovers Sandstorm Toxic Protect Earthquake Relaxed HP/Def 193 101 163 101 127 56 70,85 36,23
Cradily,Big Root Stockpile Protect Ingrain Giga Drain Sassy HP/Def 193 101 149 101 139 56 64,77 39,66
Cresselia,Chesto Berry Calm Mind Psychic Shadow Ball Rest Bold HP/Def 227 81 189 95 150 105 96,63 50,33
Cresselia,Leftovers Double Team Moonlight Toxic Protect Bold HP/SpD 227 81 154 95 182 105 78,73 61,07
Cresselia,Lum Berry Icy Wind Safeguard Helping Hand Swagger Bold HP/SpD 227 81 154 95 182 105 78,73 61,07
Cresselia,BrightPowder Psychic Substitute Toxic Trick Room Bold HP/SpD 227 81 154 95 182 105 78,73 61,07
Crobat,Charti Berry Cross Poison X-Scissor Hypnosis U-turn Jolly Atk/Spd 160 142 100 81 100 200 36,04 23,65
Crobat,Sharp Beak Air Slash Shadow Ball Confuse Ray Nasty Plot Timid Spd/SpA 160 99 100 122 100 200 36,04 23,65
Crobat,Razor Claw Cross Poison Brave Bird Zen Headbutt X-Scissor Jolly Atk/Spd 160 142 100 81 100 200 36,04 23,65
Crobat,Wide Lens Hypnosis Aerial Ace Cross Poison Taunt Jolly Atk/Spd 160 142 100 81 100 200 36,04 23,65
Cryogonal,Charti Berry Icy Wind Ice Beam Confuse Ray Light Screen Timid Def/Spd 145 63 82 115 155 172 26,78 33,22
Cryogonal,Occa Berry Ice Shard Slash Poison Jab Haze Hasty Atk/Spd 145 102 45 115 172 172 14,70 36,87
Cryogonal,Occa Berry Icy Wind Flash Cannon Blizzard Sheer Cold Timid Spd/SpA 145 63 50 147 155 172 16,33 33,22
Cryogonal,Focus Sash Hail Icy Wind Blizzard Explosion Naive Spd/SpA 145 70 50 147 139 172 16,33 29,79
Darmanitan,Passho Berry Fire Punch Encore Belly Drum Brick Break Hasty Atk/Spd 180 192 67 50 75 161 27,16 19,96
Darmanitan,Life Orb Focus Energy Hammer Arm Flare Blitz Swagger Naughty HP/Atk/Spd 201 199 75 50 67 136 33,95 19,91
Darmanitan,Liechi Berry Flame Charge Earthquake Flare Blitz Brick Break Jolly Atk/Spd 180 192 75 45 75 161 30,41 19,96
Darmanitan,Sitrus Berry Belly Drum Earthquake Fire Punch Yawn Impish Def/SpD 180 160 117 45 107 115 47,43 28,47
Dewgong,Icy Rock Icy Wind Toxic Rest Hail Mild HP/Def 197 90 118 99 115 90 52,36 33,49
Dewgong,NeverMeltIce Ice Shard Signal Beam Ice Beam Encore Rash Spd/SpA 165 90 100 134 103 122 37,16 25,12
Dewgong,Quick Claw Fake Out Surf Ice Beam Aqua Jet Mild SpA/SpD 165 90 90 134 147 90 33,45 35,85
Dewgong,Salac Berry Rain Dance Rest Surf Stockpile Bold HP/Def/SpD 186 81 133 90 136 90 55,72 37,39
Donphan,Metronome Earthquake Scary Face Rollout Defense Curl Brave Atk/Def 165 189 172 80 80 63 63,92 19,51
Donphan,Focus Sash Endeavor Flail Roar Giga Impact Adamant Atk/SpD 165 189 140 72 112 70 52,03 27,32
Donphan,Sitrus Berry Earthquake Gyro Ball Fire Fang Thunder Fang Brave Atk/Def 165 189 172 80 80 63 63,92 19,51
Donphan,Quick Claw Earthquake Stone Edge Seed Bomb Fissure Adamant Atk/SpD 165 189 140 72 112 70 52,03 27,32
Dragonite,Custap Berry Toxic Thunder Wave Roost Rock Slide Impish HP/Def/SpD 187 154 149 108 141 100 62,75 38,98
Dragonite,Salac Berry Dragon Rush Ice Beam Thunderbolt Safeguard Mild Spd/SpA 166 154 103 167 120 132 38,51 29,45
Dragonite,Choice Band Outrage Earthquake Giga Impact Superpower Adamant Atk/SpD 166 306* (204) 115 108 152 100 43,00 37,30
Dragonite,Quick Claw Superpower Earthquake ThunderPunch Fire Punch Adamant HP/Atk 198 204 115 108 120 100 51,28 35,12
Drapion,Scope Lens Night Slash Taunt Toxic Spikes X-Scissor Bold HP/Def 177 99 178 80 95 115 70,96 24,86
Drapion,Dark Gem Cross Poison Crunch Scary Face Screech Naive Atk/Spd 145 142 130 80 85 161 42,45 18,22
Drapion,Scope Lens Cross Poison Night Slash Fire Fang Earthquake Jolly Atk/Spd 145 142 130 72 95 161 42,45 20,36
Drapion,Razor Claw Cross Poison Night Slash Earthquake Swords Dance Careful HP/Atk 177 142 130 72 104 115 51,82 27,21
Drifblim,Salac Berry Calm Mind Stockpile Memento Baton Pass Bold Def/SpD 225 90 105 110 106 100 53,21 35,25
Drifblim,Cell Battery Hex Thunderbolt Dream Eater Hypnosis Mild Spd/SpA 225 100 57 156 74 132 28,89 24,61
Drifblim,Wise Glasses Shadow Ball Thunderbolt Icy Wind Destiny Bond Timid Def/Spd 225 90 96 110 74 145 48,65 24,61
Drifblim,Custap Berry Shadow Ball Thunderbolt Hypnosis Destiny Bond Bold Spd/SpD 225 90 70 110 106 132 35,47 35,25
Druddigon,Chople Berry Crunch Scary Face Glare Dragon Tail Bold Atk/Def 152 154 156 80 110 68 53,41 24,72
Druddigon,Scope Lens Dragon Claw Night Slash Slash Hone Claws Lonely HP/Def/SpD 173 154 117 80 131 68 45,59 33,50
Druddigon,Quick Claw Crunch Dragon Claw Earthquake Rock Slide Adamant HP/Atk 184 189 110 72 110 68 45,59 29,92
Druddigon,Choice Band Outrage Earthquake Superpower Dragon Tail Adamant HP/Atk 184 283* (189) 110 72 110 68 45,59 29,92
Dugtrio,Focus Sash Reversal Attract Dig Protect Hasty Atk/Spd 110 132 63 70 90 189 15,61 14,63
Dugtrio,Choice Band Protect Final Gambit Earthquake Rock Slide Lonely HP/Spd 142 165* (110) 63 70 90 172 20,15 18,89
Dugtrio,Choice Band Earthquake Rock Slide Reversal Aerial Ace Jolly Atk/Spd 110 198* (132) 70 63 90 189 17,34 14,63
Dugtrio,BrightPowder Toxic Dig Substitute Sandstorm Jolly Atk/Spd 110 132 70 63 90 189 17,34 14,63
Durant,Sitrus Berry Crunch Dig Bug Bite Metal Sound Naive HP/Atk/Spd 154 150 132 68 61 165 45,78 13,89
Durant,Power Herb Dig Iron Defense Agility Baton Pass Impish Def/Spd 133 129 180 61 68 161 53,92 13,37
Durant,Occa Berry X-Scissor Iron Head Rock Slide Shadow Claw Jolly Atk/Spd 133 161 132 61 68 177 39,54 13,37
Durant,Focus Sash Entrainment X-Scissor Iron Head Protect Jolly HP/Spd 165 129 132 61 68 177 49,05 16,59
Dusknoir,Leftovers Disable Will-O-Wisp Pain Split Mean Look Bold HP/Def 152 108 205 85 155 65 70,18 34,83
Dusknoir,Iron Ball Shadow Sneak Fire Punch Fling Trick Room Brave HP/Atk 152 167 155 85 155 29* (58) 53,06 34,83
Dusknoir,Leftovers Toxic Will-O-Wisp Protect Double Team Sassy HP/SpD 152 120 155 85 205 58 53,06 46,06
Dusknoir,Lum Berry Shadow Sneak Pain Split Destiny Bond Trick Room Relaxed HP/SpD 152 120 170 85 187 58 58,20 42,02
Eelektross,Magnet Discharge Gastro Acid Thunderbolt Thunder Wave Quiet HP/SpA 192 135 100 172 100 63 43,24 28,38
Eelektross,Expert Belt Crunch Wild Charge Brick Break Coil Naughty HP/Atk 192 183 100 125 90 70 43,24 25,54
Eelektross,Sitrus Berry Brick Break U-turn Grass Knot Wild Charge Brave HP/Atk 192 183 100 125 100 63 43,24 28,38
Eelektross,Leftovers Charge Beam Grass Knot Flamethrower Protect Bold HP/SpD 192 121 110 125 132 70 47,57 37,46
Electivire,Expert Belt Low Kick Dig Rock Slide Screech Naughty HP/Atk/Spd 171 180 87 115 94 136 33,51 23,76
Electivire,Shuca Berry Fire Punch Electro Ball Ice Punch Protect Adamant HP/Atk/Spd 171 180 87 103 105 136 33,51 26,54
Electivire,Air Balloon Thunderbolt Psychic Focus Blast Signal Beam Modest Spd/SpA 150 128 87 161 105 147 29,39 23,28
Electivire,Shuca Berry ThunderPunch Fire Punch Ice Punch Earthquake Jolly Atk/Spd 150 175 87 103 105 161 29,39 23,28
Electrode,Shuca Berry Swagger Light Screen Charge Beam Thunder Wave Calm HP/SpD 167 63 90 100 145 160 33,85 35,79
Electrode,Focus Sash Electro Ball Taunt Protect Explosion Hasty - 135 70 81 100 100 176 24,63 19,96
Electrode,Air Balloon Thunderbolt Mirror Coat Signal Beam Protect Timid Spd/SpA 135 65 90 132 100 211 27,36 19,96
Electrode,Damp Rock Rain Dance Thunder Taunt Light Screen Timid Spd/SpA 135 65 90 132 100 211 27,36 19,96
Emboar,Chesto Berry Gyro Ball Curse Rest Sleep Talk Careful HP/SpD 217 143 85 108 128 85 41,54 41,06
Emboar,Quick Claw Yawn Wild Charge Bulldoze Heat Crash Brave Atk/Def/SpD 185 180 106 120 106 76 44,17 28,99
Emboar,Quick Claw Flare Blitz Brick Break Flame Charge Earthquake Adamant Atk/Def/SpD 185 180 106 108 106 85 44,17 28,99
Emboar,Salac Berry Substitute Flamethrower Focus Blast Scald Timid Spd/SpA 185 128 85 152 85 128 35,42 23,24
Empoleon,Sitrus Berry Yawn Swords Dance Aqua Jet Metal Claw Lax HP/Def 191 106 154 131 108 80 66,25 30,49
Empoleon,Muscle Band Drill Peck Aqua Jet Metal Claw FeatherDance Lonely HP/Atk/SpD 180 139 97 131 142 80 39,32 37,78
Empoleon,Lum Berry Surf Ice Beam Signal Beam Icy Wind Quiet HP/SpA 191 106 108 179 121 72 46,46 34,16
Empoleon,Petaya Berry Surf Substitute Blizzard Whirlpool Calm HP/SpA 191 95 108 163 133 80 46,46 37,55
Entei,Focus Sash Overheat Flame Charge Fire Fang Stone Edge Lonely Atk/Spd 190 183 94 110 95 152 40,23 26,68
Entei,Chesto Berry Calm Mind Will-O-Wisp Flamethrower Rest Bold HP/Def/SpD 211 121 138 110 116 120 65,58 36,18
Entei,Choice Scarf Eruption Heat Wave Extrasensory SolarBeam Timid Spd/SpA 190 121 105 142 95 250* (167) 44,93 26,68
Entei,Life Orb Overheat Double-Edge Stone Edge Protect Adamant HP/Atk 222 183 105 99 95 120 52,50 31,18
Escavalier,Liechi Berry Megahorn Quick Guard Swords Dance Reversal Brave HP/Atk 177 205 125 80 125 36 49,83 32,71
Escavalier,Quick Claw Pursuit Counter X-Scissor Swords Dance Naughty HP/Atk 177 205 125 80 112 40 49,83 29,30
Escavalier,Life Orb Megahorn Iron Defense Poison Jab Iron Head Brave HP/Atk 177 205 125 80 125 36 49,83 32,71
Escavalier,Custap Berry Megahorn Iron Head Swagger Reversal Adamant HP/Atk 177 205 125 72 125 40 49,83 32,71
Espeon,Focus Sash Yawn Dream Eater Calm Mind Protect Naive Spd/SpA 140 85 80 182 103 178 25,23 21,32
Espeon,Kasib Berry Psyshock Grass Knot Telekinesis Charm Timid HP/Spd 172 76 80 150 115 178 30,99 29,24
Espeon,Lum Berry Psychic Shadow Ball Hyper Beam Grass Knot Modest Spd/SpA 140 76 80 200 115 162 25,23 23,80
Espeon,Psychic Gem Psychic Shadow Ball Signal Beam Morning Sun Timid Spd/SpA 140 76 80 182 115 178 25,23 23,80
Excadrill,Soft Sand Hone Claws Rock Slide Drill Run Iron Defense Naughty Atk/Def 185 205 112 70 76 108 46,67 20,78
Excadrill,Chople Berry Dig Metal Sound Metal Claw Swords Dance Adamant Atk/Def 185 205 112 63 85 108 46,67 23,24
Excadrill,BrightPowder Sandstorm Earthquake Rock Slide Poison Jab Adamant Atk/Def/SpD 185 193 101 63 106 108 42,08 28,99
Excadrill,Life Orb Earthquake Aerial Ace Poison Jab Rock Slide Adamant Atk/Def/SpD 185 193 101 63 106 108 42,08 28,99
Exeggutor,Petaya Berry Psyshock Grass Knot Light Screen Synthesis Mild Spd/SpA/SpD 170 115 94 182 106 96 35,99 26,64
Exeggutor,Sitrus Berry Wood Hammer Curse Egg Bomb Synthesis Brave Atk/Spd/SpD 170 149 105 145 106 86 40,20 26,64
Exeggutor,Expert Belt Leaf Storm Psychic Sludge Bomb AncientPower Modest HP/SpA 202 103 105 194 85 75 47,77 25,38
Exeggutor,Lum Berry Wood Hammer Zen Headbutt Explosion Trick Room Brave HP/Atk 202 161 105 145 85 67 47,77 25,38
Exploud,Chople Berry Fire Blast Roar Uproar Hyper Voice Mild Atk/SpA 179 143 74 157 83 88 29,83 21,96
Exploud,Chople Berry Crunch Fake Tears Ice Beam Giga Impact Lonely Atk/SpA 179 157 74 143 83 88 29,83 21,96
Exploud,Expert Belt Earthquake Brick Break Ice Punch Crunch Adamant Atk/Def 179 157 115 99 83 88 46,36 21,96
Exploud,Life Orb Icy Wind Hyper Voice Focus Blast Shadow Ball Timid Spd/SpA 179 99 83 143 83 132 33,46 21,96
Feraligatr,Lax Incense Screech Aqua Jet Earthquake Block Careful HP/SpD 192 125 120 89 148 98 51,89 42,00
Feraligatr,Liechi Berry Superpower Aqua Tail Ice Fang Dragon Dance Adamant HP/Atk/Spd 181 160 120 89 103 119 48,92 27,56
Feraligatr,Lum Berry Aqua Jet Waterfall Earthquake Ice Punch Adamant HP/Atk/SpA/SpD 176 155 120 103 119 98 47,57 30,96
Feraligatr,Liechi Berry Dragon Dance Waterfall Crunch Substitute Adamant Atk/Spd 160 172 120 89 103 130 43,24 24,36
Ferrothorn,Leftovers Iron Head Thunder Wave Sandstorm Ingrain Impish HP/Def 181 114 201 66 136 40 81,94 36,39
Ferrothorn,Chesto Berry Rest Payback Gyro Ball Curse Careful HP/SpD 181 114 151 66 184 40 61,56 49,23
Ferrothorn,Custap Berry Protect Payback Explosion Gyro Ball Brave HP/Atk 181 160 151 74 136 36 61,56 36,39
Ferrothorn,Leftovers Curse Rock Smash Gyro Ball Ingrain Sassy HP/SpD 181 114 151 74 184 36 61,56 49,23
Flareon,Focus Sash Dig Flail Work Up Fire Blast Naughty Atk/SpA 140 200 80 147 117 85 25,23 24,21
Flareon,Charcoal Will-O-Wisp Charm Flame Charge Protect Impish HP/Def 172 150 123 103 130 85 47,65 33,05
Flareon,White Herb Superpower Return Will-O-Wisp Overheat Brave HP/Atk 172 200 80 115 130 76 30,99 33,05
Flareon,White Herb Bite Superpower Giga Impact Fire Fang Adamant Atk/SpD 140 200 80 103 162 85 25,23 33,53
Floatzel,Binding Band Aqua Tail Protect Pursuit Whirlpool Naive Atk/Spd 160 157 75 105 63 183 27,03 14,90
Floatzel,Flame Orb Aqua Jet Switcheroo Pursuit Crunch Hasty Atk/Spd 160 157 67 105 70 183 24,14 16,56
Floatzel,Damp Rock Surf Ice Beam Focus Blast Rain Dance Hasty Spd/SpA 160 125 67 137 70 183 24,14 16,56
Floatzel,Life Orb Waterfall Aqua Jet Low Kick Protect Hasty Atk/Spd 160 157 67 105 70 183 24,14 16,56
Flygon,Liechi Berry Earthquake Dragon Claw Endure Fire Blast Naive Atk/Spd 155 152 100 100 90 167 34,91 20,62
Flygon,Haban Berry Swagger Quick Attack Rock Slide U-turn Naive Atk/Spd 155 152 100 100 90 167 34,91 20,62
Flygon,White Herb Draco Meteor Earth Power Flamethrower Giga Drain Timid Spd/SpA 155 108 100 132 100 167 34,91 22,91
Flygon,Lum Berry Earthquake Outrage Crunch Stone Edge Adamant Atk/Spd 155 167 100 90 100 152 34,91 22,91
Forretress,Occa Berry Spikes Struggle Bug Stealth Rock Iron Defense Impish HP/Def 182 110 211 72 80 60 86,49 21,52
Forretress,Sitrus Berry Spikes Earthquake Magnet Rise Gyro Ball Naughty HP/Atk 182 156 160 80 72 60 65,59 19,37
Forretress,Iron Ball Gyro Ball Earthquake Bug Bite Explosion Brave HP/Atk 182 156 160 80 80 27* (54) 65,59 21,52
Forretress,Custap Berry Toxic Spikes Stealth Rock Spikes Explosion Careful HP/SpD 182 110 160 72 123 60 65,59 33,09
Froslass,Icy Rock Hail Ice Beam Ominous Wind Thunderbolt Timid Spd/SpA 145 90 90 132 90 178 29,39 19,29
Froslass,Ice Gem Ice Shard Thunder Wave Hex Taunt Lonely Atk/Spd 145 145 81 100 90 162 26,45 19,29
Froslass,Icy Rock Hail Blizzard Ice Shard Shadow Ball Timid Spd/SpA 145 90 90 132 90 178 29,39 19,29
Froslass,Focus Sash Blizzard Icy Wind Shadow Ball Destiny Bond Timid Spd/SpA 145 90 90 132 90 178 29,39 19,29
Gallade,Expert Belt Shadow Sneak Brick Break Psycho Cut Swords Dance Hasty Atk/Spd 143 177 76 85 135 145 24,48 28,54
Gallade,Scope Lens Psycho Cut Leaf Blade Slash Protect Jolly Atk/Spd 143 177 85 76 135 145 27,38 28,54
Gallade,Scope Lens Psycho Cut Stone Edge Night Slash X-Scissor Adamant Atk/SpD 143 194 85 76 167 100 27,38 35,30
Gallade,Lum Berry Psycho Cut Close Combat Heal Pulse Ally Switch Jolly Atk/Spd 143 177 85 76 135 145 27,38 28,54
Garchomp,Lax Incense Earthquake Protect Sandstorm Sand Tomb Jolly HP/Spd 215 150 115 90 105 169 55,69 33,37
Garchomp,Razor Fang Fire Blast Incinerate Surf Scary Face Hasty Spd/SpA 183 150 103 132 105 169 42,45 28,40
Garchomp,Choice Scarf Outrage Earthquake Fire Fang Crunch Adamant Atk/Spd 183 200 115 90 105 231* (154) 47,40 28,40
Garchomp,Focus Sash Swords Dance Rock Slide Earthquake Dragon Claw Jolly Atk/Spd 183 182 115 90 105 169 47,40 28,40
Gardevoir,Wide Lens Hypnosis Calm Mind Imprison Taunt Naive HP/Def/Spd 164 85 106 145 121 133 39,15 29,33
Gardevoir,Lum Berry Stored Power Thunderbolt Calm Mind Ally Switch Naive Spd/SpA 143 85 85 177 121 145 27,38 25,58
Gardevoir,BrightPowder Psychic Charge Beam Energy Ball Focus Blast Modest SpA/SpD 143 76 85 194 167 100 27,38 35,30
Gardevoir,Psychic Gem Psychic Thunderbolt Shadow Ball Destiny Bond Timid Spd/SpA 143 76 85 177 135 145 27,38 28,54
Gastrodon,Damp Rock Rain Dance Sludge Bomb Muddy Water Counter Gentle SpA/SpD 186 103 79 144 147 59 33,09 40,42
Gastrodon,Rindo Berry Waterfall Amnesia Curse Yawn Careful Atk/Def/SpD 186 124 109 100 135 59 45,66 37,12
Gastrodon,Leftovers Sandstorm Earth Power Surf Recover Quiet Def/SpA 186 103 120 158 102 53 50,27 28,04
Gastrodon,Leftovers Amnesia Curse Earthquake Waterfall Bold Def/SpD 186 92 132 112 134 59 55,30 36,84
Gengar,Focus Sash Shadow Ball Dream Eater Nightmare Hypnosis Timid Spd/SpA 135 76 80 182 95 178 24,32 18,96
Gengar,Expert Belt Sucker Punch Fire Punch Ice Punch Will-O-Wisp Jolly Atk/Spd 135 117 80 135 95 178 24,32 18,96
Gengar,Focus Sash Shadow Ball Taunt Focus Blast Counter Timid Spd/SpA 135 76 80 182 95 178 24,32 18,96
Gengar,Lum Berry Sludge Bomb Thunderbolt Shadow Ball Destiny Bond Timid Spd/SpA 135 76 80 182 95 178 24,32 18,96
Gigalith,Rawst Berry Bulldoze Rock Blast Gravity Curse Naughty HP/Atk/Def 181 193 171 80 81 45 69,71 21,67
Gigalith,Hard Stone Iron Defense Sandstorm Lock-On Rock Blast Naughty HP/Def 192 170 182 80 81 45 78,70 22,99
Gigalith,Custap Berry Stone Edge Earthquake Sandstorm Explosion Adamant HP/Atk 192 205 150 72 90 45 64,86 25,54
Gigalith,Leftovers Rock Slide Stealth Rock Curse Earthquake Quiet HP/SpD 192 155 150 88 122 40 64,86 34,63
Glaceon,Quick Claw Ice Shard Blizzard Mirror Coat Helping Hand Rash HP/SpA 172 80 130 200 103 85 50,36 26,19
Glaceon,Chesto Berry Frost Breath Shadow Ball Rest Barrier Bold HP/Def 172 72 178 150 115 85 68,95 29,24
Glaceon,Focus Sash Hail Blizzard Mirror Coat Hyper Beam Modest Def/SpA 140 72 162 200 115 85 51,08 23,80
Glaceon,BrightPowder Blizzard Shadow Ball Signal Beam Detect Modest Def/SpA 140 72 162 200 115 85 51,08 23,80
Gliscor,Razor Fang Acrobatics Fling U-turn Swords Dance Naughty Atk/Spd 150 161 145 65 85 147 48,99 18,85
Gliscor,Liechi Berry Agility Acrobatics Swords Dance Baton Pass Impish HP/Def 182 115 194 58 95 115 79,52 25,56
Gliscor,Expert Belt Aerial Ace Earthquake X-Scissor Stone Edge Adamant Atk/Def 150 161 177 58 95 115 59,80 21,06
Gliscor,Focus Sash Earthquake Acrobatics U-turn Counter Jolly HP/Spd 182 115 145 58 95 161 59,44 25,56
Golem,Hard Stone Stealth Rock Curse Gyro Ball Smack Down Impish HP/Atk/Def 176 151 188 67 85 65 74,52 22,11
Golem,Absorb Bulb Rock Slide Earthquake Bulldoze Autotomize Naughty Atk/Spd 155 178 150 75 76 97 52,36 17,41
Golem,Focus Sash Rock Slide Earthquake Explosion Autotomize Jolly Atk/Spd 155 162 150 67 85 106 52,36 19,48
Golem,Iron Ball Rock Slide Earthquake Explosion Fling Brave Atk/SpD 155 178 150 75 117 29* (58) 52,36 26,81
Golurk,Muscle Band Shadow Punch Iron Defense Bulldoze Heavy Slam Lonely HP/SpD 196 158 90 75 132 75 39,73 38,24
Golurk,Wide Lens Hammer Arm Rock Slide Curse Gyro Ball Brave Atk/SpD 164 193 100 75 132 67 36,94 32,00
Golurk,Lum Berry DynamicPunch Shadow Punch Earthquake Rock Slide Adamant HP/Atk 196 193 100 67 100 75 44,14 28,97
Golurk,Iron Ball Hammer Arm Earthquake Shadow Punch Fling Brave HP/Atk 196 193 100 75 100 33* (67) 44,14 28,97
Gothitelle,Chesto Berry Fake Tears Psychic Rest Calm Mind Sassy HP/Def/Spd 166 75 136 115 143 95 50,85 35,09
Gothitelle,TwistedSpoon Psyshock Miracle Eye Mirror Coat Tickle Modest HP/Def/SpA 166 67 136 149 130 85 50,85 31,90
Gothitelle,Sitrus Berry Charm Safeguard Psychic Charge Beam Modest HP/SpA 177 67 115 161 130 85 45,84 34,01
Gothitelle,BrightPowder Substitute Flatter Psych Up Psychic Modest HP/SpA 177 67 115 161 130 85 45,84 34,01
Granbull,Jaboca Berry Metronome Attract Mimic Return Naughty HP/Def/SpD 186 154 116 80 90 65 48,59 24,75
Granbull,Silk Scarf Charm Double-Edge Payback Bulk Up Adamant Atk/Def 165 189 127 72 80 65 47,20 19,51
Granbull,Lum Berry Double-Edge Roar Crunch Sludge Bomb Adamant Atk/SpD 165 189 95 72 112 65 35,30 27,32
Granbull,Leftovers Charm Toxic Dig Protect Impish HP/Def 197 140 139 72 80 65 61,67 23,30
Gyarados,Muscle Band Ice Fang Aqua Tail Thunder Wave Dragon Dance Lonely HP/Atk/Spd 191 182 89 80 120 122 38,29 33,88
Gyarados,Chesto Berry Waterfall Rest Bulldoze Giga Impact Naughty Atk/Spd 170 194 99 80 108 133 37,91 27,14
Gyarados,Wacan Berry Dragon Dance Waterfall Stone Edge Earthquake Jolly Atk/Spd 170 177 99 72 120 146 37,91 30,16
Gyarados,Chesto Berry Dragon Dance Aqua Tail Earthquake Rest Careful HP/SpD 202 145 99 72 167 101 45,04 49,87
Hariyama,King's Rock Feint Fake Out Smack Down Vital Throw Brave Atk/Def/SpD 219 177 101 60 101 63 49,82 32,70
Hariyama,Custap Berry Reversal Bullet Punch Protect Belly Drum Careful Def/SpD 219 140 112 54 123 70 55,24 39,82
Hariyama,Flame Orb Fake Out Close Combat Detect Earthquake Brave Atk/Def 219 189 112 60 80 63 55,24 25,90
Hariyama,Sitrus Berry Belly Drum Brick Break Ice Punch Bullet Punch Careful Def/SpD 219 140 112 54 123 70 55,24 39,82
Haxorus,Haban Berry Dual Chop Earthquake Roar Taunt Hasty Atk/Spd 151 199 99 80 90 163 33,67 20,09
Haxorus,Persim Berry Outrage Rock Slide Counter Dragon Dance Naughty HP/Def/Spd 172 183 131 80 81 138 50,75 20,59
Haxorus,Choice Band Outrage Earthquake Dragon Claw Jolly Atk/Spd 151 298* (199) 110 72 90 163 37,41 20,09
Haxorus,Yache Berry Dragon Dance Dragon Claw Dragon Tail Earthquake Jolly Atk/Spd 151 199 110 72 90 163 37,41 20,09
Heatran,Focus Sash Lava Plume Earth Power Flash Cannon Dark Pulse Modest HP/SpA 198 99 126 200 126 97 56,19 36,88
Heatran,White Herb Overheat Will-O-Wisp Flash Cannon Protect Modest HP/SpA 198 99 126 200 126 97 56,19 36,88
Heatran,Shuca Berry Sunny Day Fire Blast SolarBeam Earth Power Modest HP/SpA 198 99 126 200 126 97 56,19 36,88
Heatran,Choice Scarf Magma Storm Earth Power Dragon Pulse Flash Cannon Timid Spd/SpA 166 99 126 182 126 211* (141) 47,11 30,92
Heracross,Black Belt Aerial Ace Pursuit Swords Dance Brick Break Brave HP/Atk/Def 176 182 116 60 115 94 45,98 29,92
Heracross,Salac Berry Megahorn Dig Endure Reversal Naughty HP/Spd 187 159 95 60 103 137 40,01 28,47
Heracross,Coba Berry Megahorn Stone Edge Facade Shadow Claw Jolly Atk/Spd 155 177 95 54 115 150 33,16 26,35
Heracross,Salac Berry Megahorn Earthquake Reversal Endure Jolly Atk/Spd 155 177 95 54 115 150 33,16 26,35
Hippowdon,Soft Sand Earthquake Crunch Yawn Whirlwind Impish Atk/Def 183 164 187 79 92 67 77,07 24,89
Hippowdon,Sitrus Berry Crunch Rock Slide Protect Curse Lonely HP/Atk 215 180 124 88 92 67 60,05 29,24
Hippowdon,Sitrus Berry Earthquake Crunch Slack Off Yawn Adamant Atk/SpD 183 180 138 79 124 67 56,88 33,54
Hippowdon,Chesto Berry Curse Rest Earthquake Crunch Sassy HP/SpD 215 132 138 88 136 60 66,82 43,22
Honchkrow,Sitrus Berry Psychic Dark Pulse Protect Nasty Plot Quiet Def/SpA/SpD 175 145 93 160 63 81 36,66 16,30
Honchkrow,BlackGlasses Sucker Punch Taunt Pursuit Protect Brave Atk/SpD 175 194 72 125 104 81 28,38 26,90
Honchkrow,Life Orb Air Cutter Dark Pulse Snatch Shadow Ball Modest HP/SpA 207 130 72 172 72 91 33,57 22,03
Honchkrow,Life Orb Night Slash Drill Peck Sucker Punch Thunder Wave Adamant HP/Atk 207 194 72 112 72 91 33,57 22,03
Houndoom,Charcoal Incinerate Flame Charge Will-O-Wisp Sucker Punch Adamant Atk/Spd 150 156 70 117 100 147 23,65 22,17
Houndoom,Focus Sash Counter Flame Charge Roar Protect Hasty Atk/Spd 150 142 63 130 100 161 21,28 22,17
Houndoom,Air Balloon Flamethrower Shadow Ball Sludge Bomb Will-O-Wisp Timid Spd/SpA 150 99 70 162 100 161 23,65 22,17
Houndoom,White Herb Overheat Dark Pulse SolarBeam Sunny Day Timid Spd/SpA 150 99 70 162 100 161 23,65 22,17
Hydreigon,Dragon Fang Dragon Pulse Earth Power Surf Dragon Tail Rash Atk/Spd 167 157 110 159 99 150 41,37 24,44
Hydreigon,Wide Lens Focus Blast Fire Blast Dragon Rush Work Up Mild Atk/Spd/SpA 167 146 99 182 110 139 37,24 27,15
Hydreigon,White Herb Draco Meteor Taunt Earth Power Flamethrower Timid Spd/SpA 167 112 110 177 110 165 41,37 27,15
Hydreigon,Dragon Gem Dragon Rush Earthquake Crunch Dragon Tail Jolly Atk/Spd 167 157 110 130 110 165 41,37 27,15
Infernape,King's Rock Fake Out Encore Fling Acrobatics Jolly Atk/Spd 151 156 91 111 91 176 30,95 20,31
Infernape,Charcoal Heat Wave Will-O-Wisp Grass Knot Calm Mind Mild HP/Spd/SpA 172 124 81 159 91 149 31,38 23,14
Infernape,Life Orb Fake Out Close Combat Overheat Stone Edge Hasty Atk/Spd 151 156 81 124 91 176 27,55 20,31
Infernape,Focus Sash Fake Out Encore Flare Blitz Close Combat Jolly Atk/Spd 151 156 91 111 91 176 30,95 20,31
Jolteon,Magnet Quick Attack Thunderbolt Thunder Wave Swagger Hasty Spd/SpA 140 85 72 162 115 200 22,70 23,80
Jolteon,Damp Rock Thunder Protect Charm Rain Dance Timid Spd/SpA 140 76 80 162 115 200 25,23 23,80
Jolteon,King's Rock Thunder Shadow Ball Rain Dance Yawn Timid Spd/SpA 140 76 80 162 115 200 25,23 23,80
Jolteon,Razor Fang Thunderbolt Hyper Beam Fake Tears Signal Beam Timid Spd/SpA 140 76 80 162 115 200 25,23 23,80
Jynx,Enigma Berry Captivate Mean Look Lovely Kiss Attract Calm HP/Def 172 63 87 135 126 115 33,70 32,04
Jynx,Destiny Knot Frost Breath Fake Out Psychic Taunt Mild Spd/SpA 140 70 49 183 115 147 15,45 23,80
Jynx,Expert Belt Icy Wind Blizzard Psychic Focus Blast Modest Spd/SpA 140 63 55 183 115 147 17,34 23,80
Jynx,Wide Lens Lovely Kiss Blizzard Psychic Fake Out Timid Spd/SpA 140 63 55 167 115 161 17,34 23,80
Kangaskhan,Sitrus Berry Dizzy Punch Fake Out Chip Away Roar Adamant Atk/Spd 180 161 100 54 100 142 40,54 26,61
Kangaskhan,Salac Berry Rock Slide Sucker Punch Endure Reversal Jolly Atk/Spd 180 147 100 54 100 156 40,54 26,61
Kangaskhan,Chople Berry Fake Out Double-Edge Circle Throw Sucker Punch Jolly Atk/Spd 180 147 100 54 100 156 40,54 26,61
Kangaskhan,Salac Berry Fake Out Endeavor Return Substitute Jolly Atk/Spd 180 147 100 54 100 156 40,54 26,61
Kingdra,Persim Berry Waterfall Quash Protect Outrage Adamant HP/Atk/Spd 171 149 115 103 115 126 44,29 29,07
Kingdra,Haban Berry Dragon Pulse Waterfall Ice Beam Dragon Dance Mild HP/Atk/SpA 171 136 103 149 115 105 39,67 29,07
Kingdra,Sitrus Berry Rain Dance Hydro Pump Dragon Pulse Ice Beam Modest HP/Spd/SpA 171 103 115 149 115 126 44,29 29,07
Kingdra,White Herb Draco Meteor Surf Blizzard Protect Modest HP/Spd/SpA 171 103 115 149 115 126 44,29 29,07
Klinklang,Shuca Berry Gear Grind Thunder Wave Screech Volt Switch Impish HP/Spd 167 120 148 81 105 142 55,67 25,92
Klinklang,White Herb Charge Beam Metal Sound Flash Cannon Autotomize Mild Spd/SpA 135 120 121 134 105 142 36,79 20,95
Klinklang,Occa Berry Shift Gear Gear Grind Volt Switch Giga Impact Adamant Atk/Spd 135 167 135 81 105 142 41,05 20,95
Klinklang,Steel Gem Flash Cannon Thunderbolt Protect Toxic Modest Spd/SpA 135 108 135 134 105 142 41,05 20,95
Krookodile,BlackGlasses Crunch Bulldoze Taunt Counter Naughty Atk/Def/SpD 170 173 111 85 99 112 42,50 24,88
Krookodile,Rock Gem Smack Down Earthquake Pursuit Embargo Naughty Atk/Def 170 185 122 85 81 112 46,71 20,35
Krookodile,Dark Gem Earthquake Crunch Stone Edge Dragon Tail Adamant Atk/SpD 170 185 90 76 122 112 34,46 30,66
Krookodile,Liechi Berry Earthquake Pursuit Low Sweep Rock Slide Jolly Atk/Spd 170 169 90 76 90 158 34,46 22,62
Landorus,Focus Sash Earthquake Rock Slide Smack Down Bulldoze Adamant Atk/Spd 164 194 110 121 100 153 40,63 24,24
Landorus,Choice Scarf Earthquake Rock Slide Outrage Brick Break Adamant Atk/Spd 164 194 110 121 100 229* (153) 40,63 24,24
Landorus,Ground Gem Sandstorm Earthquake Rock Slide Protect Jolly Atk/Spd 164 177 110 121 100 168 40,63 24,24
Landorus,Focus Sash Earth Power Psychic Sludge Bomb Grass Knot Timid Spd/SpA 164 130 110 167 100 168 40,63 24,24
Lanturn,Salac Berry Thunder Wave Discharge Electro Ball Agility Naughty Atk/Def 200 121 110 96 86 87 49,55 25,42
Lanturn,Sitrus Berry Thunder Wave Charge Beam Stockpile Swallow Calm Def/SpA 200 70 110 128 105 87 49,55 31,04
Lanturn,Petaya Berry Surf Discharge Thunder Wave Ice Beam Modest Def/SpA/SpD 200 70 99 128 117 87 44,59 34,59
Lanturn,Chesto Berry Stockpile Rest Charge Beam Ice Beam Bold Def/SpD 200 70 121 96 128 87 54,50 37,84
Lapras,Damp Rock Rain Dance Thunder Ice Shard Confuse Ray Quiet Def/SpA 205 105 132 150 115 72 60,95 34,85
Lapras,Mystic Water Surf Ice Beam Rest Sleep Talk Modest Def/SpA/SpD 205 94 121 138 136 80 55,87 41,21
Lapras,BrightPowder Surf Ice Beam Thunderbolt Psychic Modest HP/SpA 237 94 100 150 115 80 53,38 40,29
Lapras,Chesto Berry Perish Song Rest Body Slam Block Impish Def/SpD 205 105 145 94 147 80 66,95 44,55
Latias,Chesto Berry Calm Mind Reflect Type Dragon Pulse Rest Bold HP/Def 187 90 156 130 150 130 65,70 41,46
Latias,White Herb Draco Meteor Thunder Psychic Protect Timid Spd/SpA 155 90 110 162 150 178 38,40 34,37
Latias,Choice Specs Draco Meteor Thunderbolt Psychic Trick Timid Spd/SpA 155 90 110 243* (162) 150 178 38,40 34,37
Latias,Life Orb Draco Meteor Earthquake Hone Claws Dragon Claw Adamant Atk/Spd 155 145 110 117 150 162 38,40 34,37
Latios,Chesto Berry Calm Mind Luster Purge Dragon Pulse Rest Bold HP/Def 187 99 145 150 130 130 61,07 35,93
Latios,White Herb Draco Meteor Thunderbolt Psychic Protect Timid Spd/SpA 155 99 100 182 130 178 34,91 29,79
Latios,Choice Specs Draco Meteor Thunder Psychic Energy Ball Timid Spd/SpA 155 99 100 273* (182) 130 178 22,30 19,02
Latios,Life Orb Draco Meteor Earthquake Dragon Dance Outrage Adamant Atk/Spd 155 156 100 135 130 162 34,91 29,79
Leafeon,Scope Lens X-Scissor Leaf Blade Swords Dance GrassWhistle Impish HP/Spd 172 130 165 72 85 147 63,92 21,61
Leafeon,Liechi Berry Leaf Blade Giga Impact Substitute Yawn Naive Atk/Spd 140 162 150 80 76 161 47,30 15,73
Leafeon,Heat Rock Sunny Day Leaf Blade X-Scissor Synthesis Adamant Atk/Def 140 178 182 72 85 115 57,39 17,59
Leafeon,Quick Claw Leaf Blade X-Scissor Aerial Ace Detect Adamant Atk/Def 140 178 182 72 85 115 57,39 17,59
Lickilicky,Sitrus Berry Thunderbolt Ice Beam Me First Psych Up Naive HP/Def/SpA 206 105 136 121 103 77 63,10 31,36
Lickilicky,Chople Berry Gyro Ball Rest Curse Sleep Talk Adamant HP/Atk/Def/SpD 201 133 131 90 131 70 59,30 38,92
Lickilicky,Leftovers Return Gyro Ball Curse Rest Careful HP/SpD 217 105 115 90 161 70 56,20 51,64
Lickilicky,Lax Incense Body Slam Power Whip Earthquake Explosion Adamant HP/Atk 217 150 115 90 115 70 56,20 36,89
Lilligant,Persim Berry Charm Sleep Powder Petal Dance Healing Wish Timid Spd/SpA 145 72 95 162 95 156 31,02 20,36
Lilligant,Big Root Ingrain Leech Seed Toxic Protect Bold HP/Def/SpD 166 72 127 130 116 110 47,48 28,46
Lilligant,Leftovers Quiver Dance Energy Ball Leech Seed Protect Bold HP/Def 177 72 139 130 95 110 55,41 24,86
Lilligant,Lum Berry SolarBeam Teeter Dance Charm Leech Seed Bold HP/Def/Spd/SpA 161 72 122 146 95 126 44,24 22,61
Lopunny,Toxic Orb Fake Out Encore Fling Dizzy Punch Naive HP/Spd 172 96 104 74 104 172 40,29 26,44
Lopunny,Liechi Berry Charm Focus Punch Substitute ThunderPunch Jolly Atk/Spd 140 128 104 66 116 172 32,79 24,01
Lopunny,Chople Berry Encore Fake Out Focus Punch Mirror Coat Jolly HP/Spd 172 96 104 66 116 172 40,29 29,49
Lopunny,Flame Orb Switcheroo Mirror Coat Protect Dig Jolly HP/Spd 172 96 104 66 116 172 40,29 29,49
Lucario,Black Belt Metal Sound Dark Pulse Aura Sphere Heal Pulse Modest Spd/SpA 145 117 90 183 90 142 29,39 19,29
Lucario,Focus Sash Close Combat Hone Claws Endure Reversal Jolly Atk/Spd 145 162 90 121 90 156 29,39 19,29
Lucario,Muscle Band Close Combat Earthquake Blaze Kick Shadow Claw Jolly Atk/Spd 145 162 90 121 90 156 29,39 19,29
Lucario,Expert Belt Aura Sphere Psychic Shadow Ball Follow Me Modest Spd/SpA 145 117 90 183 90 142 29,39 19,29
Ludicolo,Leftovers Leech Seed Toxic Giga Drain Rain Dance Lax HP/Def/SpA 176 90 122 131 108 90 48,36 28,10
Ludicolo,Tanga Berry Fake Out Grass Knot Surf Tickle Naughty HP/Atk/SpA 176 122 90 131 108 90 35,68 28,10
Ludicolo,Leftovers Rain Dance Leech Seed Protect Giga Drain Bold Def/SpA/SpD 155 81 122 131 141 90 42,59 32,31
Ludicolo,Sitrus Berry Fake Out Hydro Pump Leech Seed Grass Knot Modest Spd/SpA 155 81 90 156 120 122 31,42 27,49
Luxray,Magnet Wild Charge Crunch Captivate Swagger Lonely Atk/SpD 155 189 89 115 131 90 31,07 30,01
Luxray,Quick Claw Charge Beam Helping Hand Discharge Roar Careful HP/SpD 187 140 99 103 144 90 41,70 39,80
Luxray,White Herb Thunder Fang Ice Fang Superpower Thunder Wave Adamant HP/Atk 187 189 99 103 99 90 41,70 27,37
Luxray,Air Balloon Thunder Fang Ice Fang Light Screen Thunder Wave Careful HP/SpD 187 140 99 103 144 90 41,70 39,80
Machamp,Rawst Berry DynamicPunch Payback Foresight Wide Guard Brave HP/Atk 197 200 100 85 105 67 44,37 30,58
Machamp,Expert Belt Ice Punch Cross Chop Fire Punch Focus Energy Brave HP/Atk 197 200 100 85 105 67 44,37 30,58
Machamp,Choice Scarf DynamicPunch Ice Punch Rock Slide Earthquake Jolly Atk/Spd 165 182 100 76 105 175* (117) 37,16 25,61
Machamp,Flame Orb Protect Earthquake Close Combat Payback Adamant Atk/SpD 165 200 100 76 137 75 37,16 33,41
Magmortar,Passho Berry Flame Charge Earthquake Confuse Ray Barrier Adamant HP/Atk 182 161 87 130 115 103 35,66 30,94
Magmortar,Wide Lens Fire Blast Flame Burst Focus Blast Taunt Modest Spd/SpA 150 103 87 194 115 135 29,39 25,50
Magmortar,Passho Berry Flare Blitz ThunderPunch Earthquake Brick Break Jolly Spd 150 115 87 130 115 148 29,39 25,50
Magmortar,White Herb Overheat Psychic Focus Blast Protect Timid Spd/SpA 150 103 87 177 115 148 29,39 25,50
Magnezone,Magnet Metal Sound Flash Cannon Thunderbolt Magnet Rise Rash HP/SpA 177 90 135 200 99 80 53,82 25,90
Magnezone,Shuca Berry Charge Beam Thunder Wave Flash Cannon Mirror Coat Quiet HP/SpA 177 90 135 200 110 72 53,82 28,78
Magnezone,BrightPowder Charge Beam Flash Cannon Magnet Rise Thunder Wave Modest Def/SpA 145 81 167 200 110 80 54,54 23,58
Magnezone,Electric Gem Thunderbolt Flash Cannon Tri Attack Volt Switch Modest Def/SpA 145 81 167 200 110 80 54,54 23,58
Mamoswine,Passho Berry Double Hit Earthquake Ice Shard Stealth Rock Adamant Atk/Spd/SpD 185 188 100 81 101 121 41,67 27,62
Mamoswine,Zoom Lens Stone Edge Bulldoze Blizzard Ice Fang Brave Atk/Def/SpD 185 188 121 90 101 90 50,42 27,62
Mamoswine,Lax Incense Hail Earthquake Superpower Fissure Adamant HP/Atk 217 200 100 81 80 100 48,87 25,66
Mamoswine,Life Orb Earthquake Ice Fang Double-Edge Stone Edge Adamant HP/Atk 217 200 100 81 80 100 48,87 25,66
Mandibuzz,Wacan Berry Taunt Flatter Roost Toxic Calm Spd/SpD 185 76 125 75 161 132 52,08 44,03
Mandibuzz,Flying Gem Dark Pulse Air Slash Shadow Ball Nasty Plot Mild Spd/SpA 185 85 112 117 115 132 46,67 31,45
Mandibuzz,Sitrus Berry Nasty Plot Dark Pulse Air Slash Incinerate Modest HP/Def/SpD 206 76 146 82 136 100 67,74 41,41
Mandibuzz,Leftovers Substitute Swagger Punishment Roost Careful HP/Def/SpD 206 85 146 67 149 100 67,74 45,37
Manectric,Life Orb Crunch Odor Sleuth Quick Attack Wild Charge Adamant Atk/Spd 145 139 80 112 80 157 26,13 17,15
Manectric,Charcoal Flamethrower Overheat Discharge Charge Modest Spd/SpA 145 85 80 172 80 157 26,13 17,15
Manectric,Air Balloon Thunderbolt Overheat Volt Switch Quick Attack Timid Spd/SpA 145 85 80 157 80 172 26,13 17,15
Manectric,Choice Scarf Switcheroo Thunder Volt Switch Overheat Timid Spd/SpA 145 85 80 157 80 258* (172) 26,13 17,15
Marowak,Salac Berry Substitute Detect Earthquake Swords Dance Careful HP/SpD 167 100 130 63 145 65 48,90 35,79
Marowak,Iron Ball Earthquake Fling Brick Break Detect Brave HP/Atk 167 145 130 70 100 29* (58) 48,90 24,69
Marowak,Thick Club Earthquake Stone Edge Low Kick Fire Punch Jolly Atk/Spd 135 132 130 63 100 106 39,53 19,96
Marowak,Thick Club Earthquake Outrage Detect Rock Slide Jolly Atk/Spd 135 132 130 63 100 106 39,53 19,96
Medicham,Black Belt Fake Out Hi Jump Kick Bulk Up Feint Impish HP/Spd 167 80 104 72 95 132 39,12 23,45
Medicham,TwistedSpoon Psychic Shadow Ball Energy Ball Calm Mind Timid Spd/SpA 135 72 95 112 95 145 28,89 18,96
Medicham,Expert Belt Hi Jump Kick Zen Headbutt Ice Punch Bullet Punch Jolly Atk/Spd 135 112 95 72 95 145 28,89 18,96
Medicham,Life Orb Hi Jump Kick Psycho Cut Fake Out Detect Adamant Atk/Spd 135 123 95 72 95 132 28,89 18,96
Meganium,Sitrus Berry Light Screen Aromatherapy Swagger SolarBeam Gentle HP/SpD 187 102 108 103 167 100 45,49 46,16
Meganium,Chesto Berry GrassWhistle Double Team Substitute Rest Bold HP/Def 187 91 167 103 120 100 70,34 33,17
Meganium,Light Clay Seed Bomb Earthquake Reflect Light Screen Adamant HP/Atk 187 147 120 92 120 100 50,54 33,17
Meganium,Leftovers Leech Seed Ingrain Toxic Protect Bold Def/SpD 155 91 167 103 152 100 58,30 34,83
Metagross,Occa Berry Meteor Mash Magnet Rise Zen Headbutt Agility Naive Atk/Spd 155 187 150 115 99 134 52,36 22,68
Metagross,Occa Berry Psychic Shadow Ball Meteor Mash Magnet Rise Quiet HP/Atk/SpA 168 176 150 149 110 81 56,76 27,32
Metagross,Occa Berry Earthquake Meteor Mash Bullet Punch Explosion Adamant HP/Atk/SpD 176 193 150 103 131 90 59,46 34,08
Metagross,Toxic Orb Trick Meteor Mash Protect Earthquake Careful HP/SpD 187 155 150 103 156 90 63,18 43,12
Mienshao,Salac Berry U-turn Endure Calm Mind Baton Pass Naive HP/Spd 172 145 80 115 72 172 30,99 18,31
Mienshao,King's Rock Fake Out Fling Acrobatics Hi Jump Kick Jolly Atk/Spd 140 177 80 103 80 172 25,23 16,56
Mienshao,Focus Sash Low Kick Fake Out Hi Jump Kick U-turn Jolly Atk/Spd 140 177 80 103 80 172 25,23 16,56
Mienshao,Muscle Band Feint Fake Out Hi Jump Kick Wide Guard Impish HP/Atk 172 177 88 103 80 125 34,09 20,34
Milotic,Enigma Berry Surf Recover Mirror Coat Confuse Ray Bold HP/Def 202 72 144 120 145 101 65,51 43,30
Milotic,Leftovers Hydro Pump Toxic Attract Aqua Ring Quiet HP/Def 202 80 131 132 145 90 59,60 43,30
Milotic,Wide Lens Hydro Pump Blizzard Mirror Coat Recover Calm SpA/SpD 170 72 99 152 194 101 37,91 48,75
Milotic,Leftovers Ice Beam Rest Sleep Talk Surf Impish HP/SpD 202 80 108 108 177 101 49,14 52,85
Miltank,Lum Berry Body Slam Helping Hand Milk Drink Heal Bell Jolly HP/Spd 202 100 125 54 90 167 56,87 26,87
Miltank,Razor Fang Body Slam Fling Brick Break Captivate Naive Atk/Spd 170 132 125 60 81 167 47,86 20,35
Miltank,Scope Lens Dizzy Punch Fire Punch ThunderPunch Ice Punch Adamant Atk/Def 170 145 157 54 90 120 60,11 22,62
Miltank,Salac Berry Substitute Earthquake Rock Slide Zen Headbutt Jolly Atk/Spd 170 132 125 54 90 167 47,86 22,62
Mismagius,Colbur Berry Taunt Protect Imprison Shadow Ball Naive HP/Spd 167 80 80 125 112 172 30,09 27,65
Mismagius,Kasib Berry Shadow Ball Wonder Room Grudge Pain Split Timid HP/SpD 167 72 80 125 157 137 30,09 38,76
Mismagius,Sitrus Berry Icy Wind Shadow Ball Thunderbolt Destiny Bond Timid Spd/SpA 135 72 80 157 125 172 24,32 24,94
Mismagius,BrightPowder Confuse Ray Protect Perish Song Mean Look Bold HP/Def 167 72 123 125 125 125 46,26 30,86
Moltres,White Herb Overheat Air Slash Tailwind Will-O-Wisp Modest Spd/SpA 165 108 110 194 105 142 40,88 25,61
Moltres,Power Herb Flame Charge Sky Attack Aerial Ace Fire Blast Naughty Atk/Spd 165 167 110 145 94 142 40,88 22,93
Moltres,Heat Rock Sunny Day SolarBeam Flamethrower Air Slash Timid Spd/SpA 165 108 110 177 105 156 40,88 25,61
Moltres,Charcoal Heat Wave Incinerate Air Slash Protect Timid Spd/SpA 165 108 110 177 105 156 40,88 25,61
Mr. Mime 1 Choice Scarf Trick Nasty Plot Barrier Baton Pass Naive HP/Def/SpD 136 65 106 120 144 181* (121) 32,47 28,95
Mr. Mime 2 Jaboca Berry Payback Wide Guard Quick Guard Power Split Lonely HP/Atk/SpD 136 94 76 120 161 110 23,28 32,37
Mr. Mime 3 Lum Berry Fake Out Psychic Signal Beam Focus Blast Timid Spd/SpA 115 58 85 152 140 156 22,02 23,80
Mr. Mime 4 Light Clay Light Screen Reflect Psychic Signal Beam Bold HP/Def 147 58 128 120 140 110 42,38 30,42
Muk,Black Sludge Poison Jab Stockpile Swallow Memento Brave Atk/Def 180 172 127 85 120 63 51,49 31,93
Muk,Toxic Plate Shadow Sneak Poison Jab Acid Armor Flamethrower Lonely Atk/SpA/SpD 180 160 85 106 141 70 34,46 37,52
Muk,Zoom Lens Gunk Shot Payback Shadow Sneak Curse Brave HP 212 137 95 85 120 63 45,36 37,61
Muk,Quick Claw Gunk Shot Shadow Sneak Brick Break Explosion Adamant HP/Atk 212 172 95 76 120 70 45,36 37,61
Musharna,Zoom Lens Hypnosis Dream Eater Calm Mind Helping Hand Mild Def/SpA/SpD 191 75 113 162 136 49 48,61 38,40
Musharna,Lum Berry Shadow Ball Energy Ball Psychic Trick Room Bold Def/SpA 191 67 150 159 115 49 64,53 32,47
Musharna,Scope Lens Psychic Shadow Ball Energy Ball Yawn Modest Def/SpA 191 67 137 174 115 49 58,93 32,47
Musharna,Chesto Berry Stored Power Calm Mind Shadow Ball Rest Relaxed Def/SpD 191 75 150 127 147 44 64,53 41,50
Nidoking,King's Rock Bulldoze Megahorn Rock Slide Hone Claws Naughty HP/Atk 188 158 97 105 85 105 41,07 23,62
Nidoking,Black Sludge Amnesia Sludge Bomb Flamethrower Protect Quiet HP/SpA 188 112 97 150 95 94 41,07 26,40
Nidoking,Black Sludge Earth Power Sludge Bomb Protect Icy Wind Modest Spd/SpA 156 100 97 150 95 137 34,08 21,91
Nidoking,Muscle Band Earthquake Poison Jab Megahorn Protect Adamant Atk/Spd 156 158 97 94 95 137 34,08 21,91
Nidoqueen,Payapa Berry Chip Away Swagger Helping Hand Flatter Relaxed HP/Def/SpD 186 102 140 95 126 86 58,65 34,64
Nidoqueen,Absorb Bulb Thunderbolt Hyper Beam Earth Power Counter Mild HP/SpA 197 102 96 139 105 96 42,59 30,58
Nidoqueen,Black Sludge Sludge Bomb Earth Power Flamethrower Ice Beam Modest HP/SpA 197 91 107 139 105 96 47,48 30,58
Nidoqueen,Black Sludge Poison Jab Dragon Tail Bulldoze Earthquake Adamant HP/Atk 197 147 107 85 105 96 47,48 30,58
Ninetales,Passho Berry Will-O-Wisp Hypnosis Extrasensory Heat Wave Modest Spd/SpA 148 86 95 146 120 152 31,67 26,25
Ninetales,Fire Gem Heat Wave Roar Confuse Ray Nasty Plot Timid HP/Spd 180 86 95 101 120 167 38,51 31,93
Ninetales,Wide Lens Fire Blast Extrasensory Hypnosis Disable Timid Spd/SpD 148 86 95 101 152 167 31,67 33,25
Ninetales,Passho Berry Flamethrower Extrasensory Energy Ball Calm Mind Timid HP/Spd 180 86 95 101 120 167 38,51 31,93
Pinsir,Persim Berry Bug Bite Brick Break Thrash Swords Dance Naughty Atk/Spd 140 194 120 75 81 137 37,84 16,76
Pinsir,Insect Plate Feint X-Scissor Stone Edge Bug Bite Lonely Atk/Spd 140 194 108 75 90 137 34,05 18,63
Pinsir,Lax Incense X-Scissor Superpower Stone Edge Giga Impact Adamant Atk/Def 140 194 152 67 90 105 47,93 18,63
Pinsir,Choice Scarf X-Scissor Earthquake Close Combat Guillotine Jolly Atk/Spd 140 177 120 67 90 225* (150) 37,84 18,63
Politoed,Full Incense Waterfall Encore Swagger Bounce Modest Spd/SpA 165 85 95 156 120 0* (122) 35,30 29,27
Politoed,Water Gem Thief Echoed Voice Refresh Hydro Pump Brave Atk/SpA 165 139 95 142 120 81 35,30 29,27
Politoed,Chesto Berry Waterfall Earthquake Belly Drum Rest Careful Atk/SpD 165 127 95 99 167 90 35,30 40,73
Politoed,Wide Lens Hydro Pump Blizzard Focus Blast Hypnosis Modest SpA/SpD 165 85 95 156 152 90 35,30 37,07
Poliwrath,Sitrus Berry Ice Beam Waterfall Psychic Work Up Naughty HP/Atk/SpA 186 138 115 111 99 90 48,18 27,22
Poliwrath,Shell Bell Brick Break Waterfall Hypnosis Belly Drum Naive HP/Atk 197 137 115 90 99 99 51,02 28,83
Poliwrath,Leftovers Waterfall Focus Punch Encore Substitute Adamant HP/Atk 197 150 115 81 110 90 51,02 32,03
Poliwrath,Sitrus Berry Waterfall Earthquake Focus Punch Circle Throw Adamant HP/Atk 197 150 115 81 110 90 51,02 32,03
Porygon-z 1 Wise Glasses Psychic Shadow Ball Thunderbolt Thunder Wave Modest Spd/SpA 160 90 90 205 95 142 32,43 22,47
Porygon-z 2 Choice Specs Hyper Beam - - - Modest Spd/SpA 160 90 90 307* (205) 95 142 32,43 22,47
Porygon-z 3 Expert Belt Psychic Ice Beam Signal Beam Charge Beam Modest HP/SpA 192 90 90 205 95 110 38,92 26,96
Porygon-z 4 Sitrus Berry Tri Attack Thunderbolt Shadow Ball Recover Timid Spd/SpA 160 90 90 187 95 156 32,43 22,47
Porygon2,Sitrus Berry Blizzard Magic Coat Lock-On Zap Cannon Modest HP/SpA 192 90 110 172 115 80 47,57 32,64
Porygon2,Petaya Berry Tri Attack Psychic Recycle Recover Calm HP/Def/SpD 181 90 131 125 149 80 53,40 39,87
Porygon2,Choice Specs Tri Attack Thunderbolt Psychic Ice Beam Modest HP/SpA 192 90 110 258* (172) 115 80 47,57 32,64
Porygon2,Lum Berry Tri Attack Thunder Wave Shadow Ball Ice Beam Modest HP/SpA 192 90 110 172 115 80 47,57 32,64
Probopass,Cheri Berry Smack Down Volt Switch Thunder Wave Magnet Rise Calm HP/SpD 167 67 165 95 222 60 62,06 54,80
Probopass,Sitrus Berry Block Iron Defense Flash Cannon Discharge Bold HP/Def 167 67 216 95 170 60 81,24 41,97
Probopass,Scope Lens Stone Edge Iron Head Earthquake Explosion Adamant Atk/Def 135 117 197 85 170 60 59,90 33,92
Probopass,Life Orb Flash Cannon Power Gem Earth Power Thunderbolt Modest SpA/SpD 135 67 165 139 202 60 50,17 40,31
Quagsire,Rindo Berry Rest Sleep Talk Toxic Bulldoze Impish HP/Def 202 105 150 76 85 55 68,24 25,38
Quagsire,Iron Ball Earthquake Stockpile Fling Swallow Impish HP/Def/SpD 191 105 138 76 106 27* (55) 59,36 29,93
Quagsire,Rindo Berry Earthquake Aqua Tail Ice Punch Stone Edge Adamant Atk/SpD 170 150 105 76 117 55 40,20 29,40
Quagsire,Leftovers Curse Amnesia Earthquake Waterfall Careful HP/SpD 202 105 105 76 128 55 47,77 38,22
Raichu,Focus Sash Encore Thief Thunder Wave Discharge Adamant Spd/SpA 135 121 75 127 100 152 22,80 19,96
Raichu,Magnet Brick Break Electro Ball Fake Out Protect Jolly Atk/Spd 135 142 75 99 100 167 22,80 19,96
Raichu,Focus Sash ThunderPunch Reversal Thunder Wave Fake Out Jolly Atk/Spd 135 142 75 99 100 167 22,80 19,96
Raichu,Lum Berry Encore Magnet Rise Thunderbolt Grass Knot Timid Spd/SpA 135 99 75 142 100 167 22,80 19,96
Raikou,Shuca Berry Thunderbolt Volt Switch Shadow Ball Extrasensory Timid Spd/SpA 165 94 95 167 120 183 35,30 29,27
Raikou,Leftovers Charge Beam Magnet Rise Calm Mind Shadow Ball Timid Def/Spd 165 94 127 135 120 183 47,20 29,27
Raikou,Air Balloon Thunderbolt Volt Switch Shadow Ball Protect Timid Spd/SpA 165 94 95 167 120 183 35,30 29,27
Raikou,Air Balloon Thunder Discharge Reflect Extrasensory Timid Spd/SpA 165 94 95 167 120 183 35,30 29,27
Rampardos,Passho Berry Rock Slide Crunch Curse Protect Brave Atk/Def/SpD 172 226 101 85 91 70 39,13 23,14
Rampardos,Sitrus Berry Head Smash Stone Edge Hammer Arm Scary Face Naughty Atk/Spd 172 238 80 85 63 110 30,99 16,02
Rampardos,Choice Scarf Head Smash Earthquake Brick Break ThunderPunch Jolly Atk/Spd 172 217 80 76 70 181* (121) 30,99 17,80
Rampardos,Sitrus Berry Head Smash Earthquake Rock Slide Protect Relaxed Atk/SpD 172 217 88 85 102 70 34,09 25,93
Rapidash,Passho Berry Bounce Flame Charge Low Kick Charm Naughty Atk/Spd 140 167 90 100 90 157 28,38 18,63
Rapidash,Heat Rock Will-O-Wisp Fire Blast SolarBeam Sunny Day Hasty Spd/SpA 140 120 81 132 100 172 25,54 20,69
Rapidash,Focus Sash Flare Blitz Poison Jab Iron Tail Horn Drill Jolly Atk/Spd 140 152 90 90 100 172 28,38 20,69
Rapidash,Charcoal Flare Blitz Megahorn Double-Edge Protect Jolly Atk/Spd 140 152 90 90 100 172 28,38 20,69
Regice,Sitrus Berry Thunderbolt Ice Beam Focus Blast Toxic Modest HP/SpA 187 63 120 167 220 70 50,54 60,81
Regice,Chesto Berry Thunderbolt Icy Wind Ice Beam Rest Timid HP/Def/Spd 176 63 141 120 220 100 55,89 57,24
Regice,Leftovers Charge Beam Ice Beam Amnesia Protect Bold HP/Def 187 63 167 120 220 70 70,34 60,81
Regice,Zoom Lens Thunder Blizzard Focus Blast Thunder Wave Impish HP/SpD 187 70 132 108 252 70 55,59 69,66
Regigigas,BrightPowder Confuse Ray Double Team Drain Punch Payback Adamant HP/Atk 217 233 130 90 130 60 63,54 41,70
Regigigas,Zoom Lens Thunder Toxic Focus Blast Confuse Ray Quiet Spd/SpA 185 180 130 145 130 68 54,17 35,55
Regigigas,Leftovers Confuse Ray Drain Punch Thunder Wave Rock Slide Adamant HP/Atk 217 233 130 90 130 60 63,54 41,70
Regigigas,Leftovers Wide Guard Double Team Confuse Ray Toxic Careful HP/Def 217 180 162 90 143 60 79,18 45,87
Regirock,Leftovers Sandstorm Curse Rock Slide Drain Punch Careful HP/SpD 187 120 220 63 167 70 92,66 46,16
Regirock,Custap Berry Stone Edge Drain Punch Earthquake Explosion Adamant HP/Atk 187 167 220 63 120 70 92,66 33,17
Regirock,Rock Gem Ice Punch Rock Slide Drain Punch Earthquake Adamant HP/Atk 187 167 220 63 120 70 92,66 33,17
Regirock,Sitrus Berry Rock Polish Rock Slide Superpower Explosion Jolly Atk/Spd 187 152 220 63 120 112 92,66 33,17
Registeel,Chesto Berry Curse Amnesia Iron Head Rest Careful HP/SpD 187 95 170 85 222 70 71,60 61,37
Registeel,King's Rock Rock Polish Earthquake Iron Head ThunderPunch Jolly Atk/Spd 155 127 170 85 112 112 59,35 25,66
Registeel,Leftovers Amnesia Iron Defense Charge Beam Flash Cannon Bold HP/SpD 187 85 187 95 202 70 78,76 55,84
Registeel,Leftovers Toxic Double Team Earthquake Protect Adamant HP/Atk 187 139 170 85 170 70 71,60 46,99
Reuniclus,Sitrus Berry Psychic Energy Ball Recover Wonder Room Bold HP/Def/SpA 206 76 127 166 105 50 58,92 31,97
Reuniclus,King's Rock Rock Slide Explosion Gyro Ball Trick Room Brave Atk/Def/SpD 185 116 116 145 126 45 48,33 34,46
Reuniclus,Colbur Berry Calm Mind Psychic Focus Blast Shadow Ball Quiet Def/SpA 185 85 127 194 105 45 52,92 28,71
Reuniclus,Toxic Orb Trick Psychic Focus Blast Recover Relaxed Def/SpD 185 85 139 145 137 45 57,92 37,46
Rhyperior,Zoom Lens Payback Rock Blast Stone Edge Protect Brave HP/Atk/SpD 211 199 150 75 96 54 71,28 29,94
Rhyperior,Hard Stone Rock Wrecker Rock Polish Lonely Atk/Spd 190 211 135 75 75 92 57,77 21,06
Rhyperior,Focus Sash Horn Drill Avalanche Payback Counter Impish HP/Def 222 160 200 67 75 60 100,00 24,61
Rhyperior,Wide Lens Rock Slide Hammer Arm Earthquake Protect Brave HP/Atk 222 211 150 75 75 54 75,00 24,61
Roserade,Big Root Toxic Leech Seed Protect Giga Drain Calm HP/Def 167 81 107 145 137 110 40,25 33,82
Roserade,Occa Berry Weather Ball Energy Ball Natural Gift Attract Modest Spd/SpA 135 81 75 194 125 142 22,80 24,94
Roserade,White Herb Leaf Storm Sludge Bomb Hyper Beam GrassWhistle Timid Spd/SpA 135 81 75 177 125 156 22,80 24,94
Roserade,Black Sludge Toxic Protect Leech Seed Giga Drain Bold HP/Def 167 81 117 145 125 110 44,01 30,86
Salamence,Yache Berry Roost Scary Face Dragon Tail Earthquake Naughty Atk/Def/SpD 170 193 121 130 108 120 46,33 27,14
Salamence,Expert Belt Dragon Claw Zen Headbutt Rock Slide Dragon Dance Lonely Atk/Spd/SpD 170 193 90 130 121 141 34,46 30,41
Salamence,Yache Berry Draco Meteor Dragon Rush Earthquake Brick Break Jolly Atk/Spd 170 187 100 117 100 167 38,29 25,13
Salamence,Lum Berry Outrage Crunch Earthquake Zen Headbutt Jolly Atk/Spd 170 187 100 117 100 167 38,29 25,13
Samurott,Splash Plate Retaliate Razor Shell Assurance Encore Mild HP/Atk 202 152 94 140 90 90 42,77 26,87
Samurott,Zoom Lens Blizzard Giga Impact Detect Hydro Pump Quiet Atk/SpA 170 152 105 176 90 81 40,20 22,62
Samurott,Custap Berry Aerial Ace Waterfall X-Scissor Aqua Jet Adamant Atk/Def/SpD 170 155 126 115 111 90 48,24 27,89
Samurott,Salac Berry Hydro Pump Ice Beam Grass Knot Protect Modest Def/SpA/SpD 170 108 126 163 111 90 48,24 27,89
Sawk,Black Belt Low Sweep Quick Guard Retaliate Taunt Naughty Atk/Spd 150 194 95 50 85 137 32,09 18,85
Sawk,Focus Sash Earthquake Payback Endure Reversal Naughty Atk/Spd 150 194 95 50 85 137 32,09 18,85
Sawk,Expert Belt Close Combat Payback Low Sweep Earthquake Jolly Atk/Spd 150 177 95 45 95 150 32,09 21,06
Sawk,Life Orb Close Combat Bulldoze Stone Edge Taunt Adamant Atk/Spd 150 194 95 45 95 137 32,09 21,06
Sceptile,Focus Sash Quick Attack Endeavor Detect Leaf Storm Timid Spd/SpA 145 94 85 157 105 189 27,76 22,51
Sceptile,Scope Lens Leaf Blade Night Slash Earthquake Swords Dance Hasty Atk/Spd 145 137 76 125 105 189 24,82 22,51
Sceptile,White Herb Leaf Storm Dragon Pulse Energy Ball Detect Timid Spd/SpA 145 94 85 157 105 189 27,76 22,51
Sceptile,Leftovers Leech Seed Endeavor Energy Ball Toxic Calm Def/SpD 145 94 117 125 150 140 38,21 32,15
Scizor,Occa Berry Metal Claw Night Slash Aerial Ace Swords Dance Brave HP/Def 177 165 152 75 100 76 60,59 26,16
Scizor,Insect Plate Bullet Punch X-Scissor Feint Agility Naughty HP/Atk 177 200 120 75 90 85 47,84 23,55
Scizor,Life Orb Swords Dance Bullet Punch Reversal U-turn Brave HP/Atk 177 200 120 75 100 76 47,84 26,16
Scizor,Occa Berry Bug Bite Aerial Ace Roost Bullet Punch Adamant HP/Atk 177 200 120 67 100 85 47,84 26,16
Scrafty,Liechi Berry Fake Out Bulk Up Focus Punch Substitute Naughty HP/Atk 172 156 135 65 121 78 52,30 30,76
Scrafty,Coba Berry Hi Jump Kick Rock Slide Taunt Dragon Dance Jolly HP/Spd 172 110 135 58 135 121 52,30 34,32
Scrafty,Muscle Band Substitute Payback Hi Jump Kick Focus Punch Adamant HP/Atk 172 156 135 58 135 78 52,30 34,32
Scrafty,Leftovers Bulk Up Payback Protect Drain Punch Careful HP/SpD 172 110 135 58 182 78 52,30 46,27
Seismitoad,Chesto Berry Round Rest Water Pulse Sludge Wave Rash Def/SpA/SpD 180 105 116 138 104 94 47,03 27,67
Seismitoad,Iron Ball Fling Rock Slide Poison Jab Earthquake Brave Atk/SpD 180 150 95 105 127 42* (84) 38,51 33,79
Seismitoad,Damp Rock Rain Dance Muddy Water Earth Power Sludge Bomb Timid Spd/SpA 180 94 95 137 95 138 38,51 25,28
Seismitoad,Sitrus Berry Brick Break Poison Jab Dig Payback Jolly Atk/Spd 180 137 95 94 95 138 38,51 25,28
Serperior,Lum Berry Attract Leaf Tornado Dragon Tail Gastro Acid Jolly Def/Spd/SpD 150 95 136 85 136 169 45,95 30,16
Serperior,Sitrus Berry Leaf Tornado Hidden Power Mirror Coat Captivate Sassy HP/SpA/SpD 171 95 115 116 149 119 44,29 37,66
Serperior,BrightPowder Leaf Storm Substitute Hyper Beam Toxic Calm HP/Def/SpD 171 85 136 95 149 133 52,38 37,66
Serperior,Choice Specs Leaf Storm - - - Modest Spd/SpA 150 85 115 208* (139) 115 165 38,85 25,50
Shiftry,Iron Ball Fling Razor Leaf Brick Break Swords Dance Brave HP/Atk/SpD 186 155 80 110 101 45* (90) 33,51 27,77
Shiftry,Miracle Seed Fake Out Extrasensory SolarBeam Swagger Rash Spd/SpA 165 120 80 156 72 132 29,73 17,56
Shiftry,Heat Rock Sunny Day SolarBeam Dark Pulse Explosion Hardy Def/SpA 165 120 112 142 80 100 41,62 19,51
Shiftry,Focus Sash Fake Out Sucker Punch Low Kick Protect Adamant Atk/Def 165 167 112 99 80 100 41,62 19,51
Shuckle,Binding Band Power Split Encore Gastro Acid Sand Tomb Careful HP/SpD 127 30 250 27 310 25 71,51 58,20
Shuckle,Quick Claw Power Trick Encore Rock Slide Bug Bite Bold HP/Def 127 27 310 30 250 25 88,67 46,93
Shuckle,Lax Incense Gyro Ball Double Team Substitute Power Trick Relaxed HP/Def 127 30 310 30 250 22 88,67 46,93
Shuckle,Leftovers Toxic Protect Sandstorm Wrap Relaxed HP/Def 127 30 310 30 250 22 88,67 46,93
Skarmory,Full Incense Spikes Stealth Rock Sky Drop Whirlwind Naive HP/Spd 172 100 160 60 81 0* (134) 61,98 20,59
Skarmory,Cell Battery Brave Bird Steel Wing Swords Dance Roar Naughty HP/Spd 172 110 160 60 81 122 61,98 20,59
Skarmory,Choice Scarf Brave Bird Steel Wing Night Slash Rock Slide Jolly Atk/Spd 140 132 160 54 90 201* (134) 50,45 18,63
Skarmory,Lum Berry Spikes Stealth Rock Whirlwind Toxic Careful HP/SpD 172 100 160 54 134 90 61,98 34,07
Skuntank,Shuca Berry Flamethrower Night Slash Incinerate Memento Naughty Atk/Spd 178 159 87 91 72 136 34,88 18,94
Skuntank,Poison Barb Pursuit Foul Play Poison Jab Taunt Adamant Atk/Spd 178 159 87 81 81 136 34,88 21,31
Skuntank,Life Orb Taunt Sucker Punch Foul Play Poison Jab Jolly Atk/Spd 178 145 87 81 81 149 34,88 21,31
Skuntank,Custap Berry Night Slash Poison Jab Fire Blast Explosion Brave Atk/Def/SpD 178 147 108 91 102 93 43,30 26,84
Slaking,Chople Berry Earthquake Brick Break Rock Slide Encore Naive Atk/Spd 225 212 120 115 76 167 60,81 25,28
Slaking,Sitrus Berry Retaliate Night Slash Slack Off Amnesia Jolly Atk/Spd 225 212 120 103 85 167 60,81 28,27
Slaking,Choice Band Giga Impact Shadow Claw Hammer Arm Earthquake Adamant HP/Atk 257 349* (233) 120 103 85 120 69,46 32,29
Slaking,Life Orb Return Night Slash Gunk Shot Aerial Ace Jolly Atk/Spd 225 212 120 103 85 167 60,81 28,27
Slowbro,Sitrus Berry Yawn Psychic Calm Mind Water Pulse Bold HP/Def 202 85 178 120 100 50 80,98 29,86
Slowbro,Quick Claw Flamethrower Ice Beam Slack Off Water Pulse Modest Def/SpA 170 85 162 167 100 50 62,03 25,13
Slowbro,Leftovers Psychic Surf Slack Off Amnesia Bold HP/Def 202 85 178 120 100 50 80,98 29,86
Slowbro,Leftovers Psychic Surf Blizzard Trick Room Quiet HP/Def 202 95 162 132 100 45 73,70 29,86
Slowking,Sitrus Berry Psyshock Water Pulse Trick Room Heal Pulse Calm SpA/SpD 170 85 100 152 178 50 38,29 44,73
Slowking,King's Rock Zen Headbutt Earthquake Swagger Psych Up Gentle Atk/SpD 170 127 90 120 178 50 34,46 44,73
Slowking,Choice Specs Psychic Shadow Ball Signal Beam Focus Blast Modest SpA/SpD 170 85 100 250* (167) 162 50 38,29 40,71
Slowking,Lum Berry Psychic Surf Ice Beam Trick Room Quiet HP/SpD 202 95 100 132 162 45 45,50 48,37
Snorlax,Sitrus Berry Body Slam Wild Charge Counter Recycle Adamant Atk/Def 235 178 117 76 130 50 61,93 45,16
Snorlax,Sitrus Berry Body Slam Protect Earthquake Belly Drum Brave Atk/Def 235 178 117 85 130 45 61,93 45,16
Snorlax,Life Orb Double-Edge Earthquake Crunch Protect Adamant Atk/Def 235 178 117 76 130 50 61,93 45,16
Snorlax,Sitrus Berry Belly Drum Double-Edge Earthquake Crunch Relaxed Def/SpD 235 130 128 85 162 45 67,75 56,27
Spiritomb,Sitrus Berry Sucker Punch Pain Split Toxic Grudge Calm HP/SpD 157 100 128 112 176 55 45,26 40,85
Spiritomb,Quick Claw Shadow Sneak Sucker Punch Will-O-Wisp Taunt Brave HP/Atk 157 158 128 112 128 49 45,26 29,71
Spiritomb,Leftovers Will-O-Wisp Shadow Sneak Swagger Psych Up Careful HP/SpD 157 112 128 100 176 55 45,26 40,85
Spiritomb,Custap Berry Will-O-Wisp Sucker Punch Substitute Pain Split Careful HP/SpD 157 112 128 100 176 55 45,26 40,85
Staraptor,Focus Sash U-turn FeatherDance Quick Attack Endeavor Hasty Atk/Spd 160 172 81 70 70 167 29,19 16,56
Staraptor,Choice Scarf Pursuit Close Combat Roost Final Gambit Adamant HP/Spd 192 154 90 63 70 228* (152) 38,92 19,87
Staraptor,Choice Band Close Combat Brave Bird U-turn Giga Impact Mild Atk/Spd 160 258* (172) 81 77 70 152 29,19 16,56
Staraptor,Sitrus Berry Brave Bird Double-Edge Roost FeatherDance Jolly Atk/Spd 160 172 90 63 70 167 32,43 16,56
Starmie,Sitrus Berry Psychic Cosmic Power Recover Reflect Type Timid HP/Spd 167 85 105 120 105 183 39,49 25,92
Starmie,Mystic Water Protect Psychic Hydro Pump Rapid Spin Modest Spd/SpA 135 85 105 167 105 167 31,93 20,95
Starmie,Focus Sash Surf Psychic Power Gem Signal Beam Timid Spd/SpA 135 85 105 152 105 183 31,93 20,95
Starmie,King's Rock Surf Psychic Thunderbolt Ice Beam Timid Spd/SpA 135 85 105 152 105 183 31,93 20,95
Steelix,Chesto Berry Earthquake Rest Curse Stealth Rock Impish HP/SpD 182 105 242 67 117 50 99,20 31,48
Steelix,Enigma Berry Crunch Curse Gyro Ball Screech Impish HP/Atk 182 137 242 67 85 50 99,20 22,87
Steelix,Quick Claw Gyro Ball Earthquake Stone Edge Explosion Brave Atk/SpD 150 150 220 75 117 45 74,32 25,94
Steelix,Iron Ball Gyro Ball Payback Swagger Curse Relaxed Atk/Def 150 137 277 75 85 22* (45) 93,58 18,85
Suicune,Chesto Berry Calm Mind Surf Ice Beam Rest Bold HP/Def 207 85 183 110 135 105 85,32 41,31
Suicune,Sitrus Berry Hydro Pump Ice Beam Shadow Ball Mirror Coat Modest HP/SpA 207 75 135 156 135 105 62,94 41,31
Suicune,Leftovers Surf Blizzard Calm Mind Protect Bold HP/Def 207 85 183 110 135 105 85,32 41,31
Suicune,Lum Berry Icy Wind Surf Blizzard Protect Timid Spd/SpA 175 85 135 142 135 150 53,21 34,92
Swampert,Jaboca Berry Mirror Coat Counter Earthquake Roar Sassy Def/SpD 175 130 142 105 156 72 55,97 40,35
Swampert,Chesto Berry Waterfall Hammer Arm Rest Curse Careful HP/SpD 207 130 110 94 156 80 51,28 47,73
Swampert,Sitrus Berry Earthquake Avalanche Waterfall Stone Edge Adamant HP/Atk 207 178 110 94 110 80 51,28 33,66
Swampert,Chesto Berry Curse Rest Earthquake Waterfall Careful HP/SpD 207 130 110 94 156 80 51,28 47,73
Tangrowth,Big Root Leech Seed Ingrain Giga Drain Toxic Bold HP/Def/SpD 196 108 182 130 91 70 80,34 26,37
Tangrowth,Yache Berry Wring Out Tickle Power Whip Bulldoze Naughty Atk/Spd 175 167 145 130 63 102 57,15 16,30
Tangrowth,Heat Rock Sunny Day SolarBeam Synthesis Wring Out Modest Def/SpA 175 108 177 178 70 70 69,76 18,11
Tangrowth,Lax Incense Power Whip Earthquake Aerial Ace Brick Break Adamant Atk/Def 175 167 177 117 70 70 69,76 18,11
Tauros,Liechi Berry Earthquake Rock Slide Endure Substitute Naughty Atk/Spd 150 167 115 60 81 162 38,85 17,96
Tauros,Expert Belt Zen Headbutt Wild Charge Swagger Giga Impact Jolly Atk/Spd 150 152 115 54 90 178 38,85 19,96
Tauros,Life Orb Double-Edge Earthquake Payback Giga Impact Jolly Atk/Spd 150 152 115 54 90 178 38,85 19,96
Tauros,Sitrus Berry Toxic Protect Double Team Earthquake Careful HP/SpD 182 120 115 54 134 130 47,14 36,05
Tentacruel,Black Sludge Ice Beam Sludge Wave Hex Toxic Spikes Hasty Spd/SpA 155 90 76 132 140 167 26,53 32,08
Tentacruel,Mystic Water Rapid Spin Poison Jab Waterfall Swords Dance Hasty Atk/Spd 155 122 76 100 140 167 26,53 32,08
Tentacruel,Focus Sash Hydro Pump Sludge Bomb Giga Drain Mirror Coat Modest HP/SpA 187 81 75 145 140 120 31,59 38,70
Tentacruel,Black Sludge Surf Toxic Venoshock Protect Bold HP/Def 187 81 128 100 140 120 53,91 38,70
Terrakion,Expert Belt Close Combat Earthquake Stone Edge Aerial Ace Jolly Atk/Spd 166 181 110 82 110 176 41,13 26,99
Terrakion,Choice Scarf Sacred Sword Earthquake Stone Edge Aerial Ace Adamant Atk/Spd 166 199 110 82 110 240* (160) 41,13 26,99
Terrakion,Sitrus Berry Swords Dance Sacred Sword Earthquake Rock Slide Jolly Atk/Spd 166 181 110 82 110 176 41,13 26,99
Terrakion,King's Rock Bulldoze Rock Slide Earthquake Sacred Sword Jolly Atk/Spd 166 181 110 82 110 176 41,13 26,99
Throh,Payapa Berry Protect Toxic Circle Throw Wide Guard Impish Atk/Def 195 152 150 45 105 65 65,88 30,27
Throh,Expert Belt Revenge Storm Throw Protect Seismic Toss Brave Atk/Def 195 167 137 50 105 58 60,17 30,27
Throh,Expert Belt Earthquake Storm Throw Payback Rock Slide Adamant Atk/Def/SpD 195 155 126 45 126 65 55,34 36,32
Throh,Flame Orb Protect Earthquake Storm Throw Payback Brave Atk/SpD 195 167 105 50 137 58 46,11 39,49
Thundurus,Chesto Berry Thunderbolt Protect Toxic Rest Bold HP/SpD 186 121 99 145 132 131 41,47 36,29
Thundurus,Choice Band Thunderbolt Dark Pulse Focus Blast Grass Knot Timid Spd/SpA 154 181* (121) 90 177 100 179 31,22 22,76
Thundurus,Sitrus Berry Wild Charge U-turn Crunch Sky Drop Jolly Atk/Spd 154 167 90 130 100 179 31,22 22,76
Thundurus,Magnet Discharge Focus Blast Volt Switch Taunt Timid Spd/SpA 154 121 90 177 100 179 31,22 22,76
Togekiss,Sitrus Berry Encore Thunder Wave Reflect Follow Me Calm HP/Spd 192 63 115 140 148 132 49,73 42,00
Togekiss,Liechi Berry ExtremeSpeed Aerial Ace Psych Up Brick Break Naughty Atk/Spd 160 112 115 140 121 132 41,44 28,62
Togekiss,Wide Lens Thunder Wave Air Slash Heat Wave Water Pulse Modest Spd/SpA 160 63 115 189 135 132 41,44 31,93
Togekiss,Sitrus Berry Follow Me Thunder Wave Air Slash Encore Bold HP/SpD 192 63 126 140 167 100 54,49 47,40
Tornadus,Life Orb Hurricane Grass Knot Focus Blast Dark Pulse Timid Spd/SpA 154 121 90 177 100 179 31,22 22,76
Tornadus,Leftovers Substitute Double Team Focus Blast Hurricane Modest HP/SpA 186 121 90 194 100 131 37,70 27,49
Tornadus,Chesto Berry Rest Air Slash Dark Pulse Focus Blast Bold HP/SpD 186 121 99 145 132 131 41,47 36,29
Tornadus,Damp Rock Hurricane Focus Blast Taunt Rain Dance Timid Spd/SpA 154 121 90 177 100 179 31,22 22,76
Torterra,Binding Band Sand Tomb Seed Bomb Curse Synthesis Adamant HP/Atk 202 177 125 85 105 76 56,87 31,35
Torterra,Choice Scarf Rock Slide Earthquake Wood Hammer Tickle Jolly Atk/Spd 170 161 125 85 105 177* (118) 47,86 26,39
Torterra,Custap Berry Earthquake Crunch Seed Bomb Iron Head Adamant Atk/SpD 170 177 125 85 137 76 47,86 34,43
Torterra,Leftovers Stockpile Leech Seed Earthquake Protect Hardy HP/SpD 202 129 125 95 137 76 56,87 40,91
Toxicroak,Dark Gem Fake Out Brick Break Sucker Punch Taunt Lonely Atk/Spd 158 173 76 106 85 137 27,05 19,85
Toxicroak,Petaya Berry Focus Blast Sludge Bomb Substitute Protect Modest Spd/SpA 158 113 85 151 85 137 30,25 19,85
Toxicroak,Focus Sash Sludge Bomb Focus Blast Shadow Ball Dark Pulse Modest Spd/SpA 158 113 85 151 85 137 30,25 19,85
Toxicroak,Wide Lens Cross Chop Sucker Punch Gunk Shot Taunt Adamant Atk/Spd 158 173 85 95 85 137 30,25 19,85
Typhlosion,Passho Berry Flame Burst Flamethrower SolarBeam Sunny Day Rash Spd/SpA 153 104 98 177 94 152 33,77 21,26
Typhlosion,Wide Lens Inferno Focus Blast Extrasensory Will-O-Wisp Naive Spd/SpA 153 104 98 161 94 167 33,77 21,26
Typhlosion,Choice Scarf Eruption Focus Blast Heat Wave Extrasensory Modest Spd/SpA 153 93 98 177 105 228* (152) 33,77 23,75
Typhlosion,Power Herb Extrasensory Lava Plume Bulldoze SolarBeam Modest Spd/SpA 153 93 98 177 105 152 33,77 23,75
Tyranitar,Iron Ball Rock Slide Stealth Rock Thunder Wave Fling Impish HP/SpD 207 154 143 103 152 40* (81) 66,67 46,51
Tyranitar,Rock Slide Crunch Ice Beam Dragon Dance Hasty Atk/Spd 175 186 117 115 120 124 46,11 31,04
Tyranitar,Chople Berry Stone Edge Crunch Earthquake Dragon Dance Jolly Atk/Spd 175 186 130 103 120 124 51,24 31,04
Tyranitar,Focus Sash Rock Slide Earthquake King's Rock Dragon Tail Brave HP/Atk 207 204 130 115 120 72 60,61 36,72
Umbreon,Leftovers Confuse Ray Payback Curse Moonlight Impish HP/Def 202 85 178 72 150 85 80,98 44,79
Umbreon,Chople Berry Payback Moonlight Stored Power Work Up Careful HP/Atk 202 117 130 72 165 85 59,14 49,27
Umbreon,Sitrus Berry Faint Attack Swagger Psych Up Screech Impish HP/Def 202 85 178 72 150 85 80,98 44,79
Umbreon,Chesto Berry Curse Trump Card Payback Rest Careful HP/Def 202 85 162 72 165 85 73,70 49,27
Unfezant,Enigma Berry Aerial Ace U-turn Razor Wind Tailwind Jolly HP/Atk/Def 176 146 121 76 75 124 47,96 19,51
Unfezant,Power Herb Giga Impact Quick Attack Hypnosis Sky Attack Jolly Atk/Spd 155 157 100 76 75 159 34,91 17,18
Unfezant,Power Herb Sky Attack Return Detect U-turn Jolly Atk/Spd 155 157 100 76 75 159 34,91 17,18
Unfezant,BrightPowder Detect FeatherDance Toxic Fly Impish HP/SpD 187 125 110 76 107 113 46,33 29,58
Ursaring,Chesto Berry Thrash Crunch Rest Counter Adamant Atk/Def/SpD 165 188 116 85 116 75 43,11 28,29
Ursaring,Toxic Orb Facade Hammer Arm Scary Face Yawn Jolly Atk/Spd 165 182 95 85 95 117 35,30 23,17
Ursaring,Toxic Orb Facade Superpower Crunch Protect Adamant HP/Atk 197 200 95 85 95 75 42,15 27,66
Ursaring,Quick Claw Return Cross Chop Earthquake Aerial Ace Adamant HP/Atk 197 200 95 85 95 75 42,15 27,66
Vanilluxe,NeverMeltIce Ice Beam Frost Breath Mirror Coat Icy Wind Calm HP/SpA/SpD 167 103 105 151 149 99 39,49 36,78
Vanilluxe,Occa Berry Avalanche Ice Shard Natural Gift Giga Impact Lonely HP/Atk 178 161 94 130 115 99 37,68 30,26
Vanilluxe,Leftovers Hail Blizzard Flash Cannon Sheer Cold Modest HP/SpA 178 103 105 178 115 99 42,09 30,26
Vanilluxe,Sitrus Berry Taunt Ice Beam Acid Armor Mirror Coat Calm HP/SpD 178 103 105 130 161 99 42,09 42,36
Vaporeon,Quick Claw Wish Surf Helping Hand Shadow Ball Quiet Def/SpA 205 85 112 178 115 76 51,71 34,85
Vaporeon,Leftovers Ice Beam Hydro Pump Acid Armor Aqua Ring Modest Def/SpA 205 76 112 178 115 85 51,71 34,85
Vaporeon,Leftovers Muddy Water Blizzard Aqua Ring Yawn Modest HP/SpA 237 76 80 178 115 85 42,70 40,29
Vaporeon,Expert Belt Surf Ice Beam Shadow Ball Signal Beam Modest HP/SpA 237 76 80 178 115 85 42,70 40,29
Venusaur,Big Root Leech Seed Toxic Synthesis Ingrain Calm HP/SpD 187 91 103 120 167 100 43,38 46,16
Venusaur,Miracle Seed Roar Venoshock Power Whip Earthquake Brave HP/Atk/Def 176 135 124 120 120 90 49,15 31,22
Venusaur,Salac Berry Energy Ball Sludge Bomb Grass Knot Protect Timid Spd/SpA 155 91 103 152 120 145 35,96 27,49
Venusaur,Black Sludge Leech Seed Substitute Sludge Bomb Protect Bold HP/SpD 187 91 113 120 152 100 47,59 42,02
Vespiquen,Quick Claw Defend Order Toxic Protect Heal Order Sassy HP/Def/SpD 166 100 143 100 157 54 53,46 38,52
Vespiquen,Insect Plate Attack Order Power Gem Captivate Confuse Ray Quiet HP/SpA 177 100 122 145 122 54 48,64 31,92
Vespiquen,Sitrus Berry Attack Order Defend Order Roost Confuse Ray Impish HP/Def/SpD 166 100 157 90 143 60 58,70 35,09
Vespiquen,Custap Berry Attack Order U-turn Aerial Ace Destiny Bond Brave HP/Atk 177 145 122 100 122 54 48,64 31,92
Victreebel,Payapa Berry Leaf Tornado Stockpile Swallow Gastro Acid Quiet SpA/SpD 155 125 85 167 112 81 29,67 25,66
Victreebel,Grass Gem Leaf Storm Sleep Powder Stockpile Encore Rash Spd/SpA 155 125 85 167 72 122 29,67 16,50
Victreebel,Focus Sash Sunny Day SolarBeam Sludge Bomb Weather Ball Modest Spd/SpA 155 112 85 167 80 122 29,67 18,33
Victreebel,Life Orb Weather Ball SolarBeam Sludge Bomb Gastro Acid Modest Spd/SpA 155 112 85 167 80 122 29,67 18,33
Vileplume,Persim Berry Petal Dance Stun Spore Teeter Dance Moonlight Calm Spd/SpD 150 90 105 120 156 102 35,47 34,59
Vileplume,Power Herb SolarBeam Sludge Bomb Synthesis Double Team Modest HP/SpA 182 90 105 167 110 70 43,04 29,59
Vileplume,Big Root Double Team Ingrain Toxic Giga Drain Modest HP/SpA 182 90 105 167 110 70 43,04 29,59
Vileplume,Lum Berry Giga Drain SolarBeam Teeter Dance Sludge Bomb Modest Spd/SpA 150 90 105 167 110 102 35,47 24,39
Virizion,Salac Berry Sacred Sword Leaf Blade Taunt Stone Edge Jolly Atk/Spd 166 142 92 99 149 176 34,40 36,56
Virizion,Sitrus Berry Energy Ball Focus Blast Calm Mind Toxic Timid Def/Spd 166 99 124 110 149 176 46,36 36,56
Virizion,Coba Berry Leaf Blade Stone Edge Sacred Sword Protect Jolly Atk/Spd 166 142 92 99 149 176 34,40 36,56
Virizion,Chesto Berry Leaf Blade Swords Dance Sacred Sword Rest Impish HP/Def 198 110 136 99 149 128 60,65 43,61
Volcarona,Power Herb Fire Spin Heat Wave SolarBeam Whirlwind Modest HP/Spd 192 72 85 170 125 152 36,76 35,48
Volcarona,Lum Berry Bug Buzz Flamethrower Protect Calm Mind Timid Spd/SpA 160 72 85 187 125 167 30,63 29,56
Volcarona,White Herb Overheat Quiver Dance Bug Buzz Protect Bold HP/Def 192 72 128 155 125 120 55,35 35,48
Volcarona,Leftovers Hurricane Quiver Dance Bug Buzz Heat Wave Bold HP/Def 192 72 128 155 125 120 55,35 35,48
Wailord,Chesto Berry Waterfall Heavy Slam Curse Rest Brave Atk/Def/SpD 245 144 86 110 86 72 47,45 31,15
Wailord,Quick Claw Water Spout Rest Sleep Talk Ice Beam Timid Spd/SpA 245 99 65 142 65 123 35,87 23,54
Wailord,Leftovers Waterfall Avalanche Aqua Ring Curse Careful Def/SpD 245 110 97 99 106 80 53,52 38,39
Wailord,Zoom Lens Hydro Pump Blizzard Fissure Hyper Beam Modest HP/SpA 277 99 65 156 65 80 40,55 26,61
Walrein,Chesto Berry Frost Breath Snore Stockpile Rest Calm Def/SpD 185 90 142 115 156 85 59,17 42,66
Walrein,Metronome Ice Ball Earthquake Encore Curse Calm Atk/SpD 185 118 110 115 156 85 45,83 42,66
Walrein,Leftovers Surf Blizzard Hail Signal Beam Modest HP/SpA 217 90 110 161 110 85 53,76 35,28
Walrein,Lax Incense Sheer Cold Fissure Rest Sleep Talk Bold Def/SpD 185 90 156 115 142 85 65,00 38,83
Weavile,Razor Fang Fake Out Taunt Night Slash Fling Hasty Atk/Spd 145 172 76 65 105 194 24,82 22,51
Weavile,NeverMeltIce Ice Shard Ice Punch Torment Protect Jolly Atk/Spd 145 172 85 58 105 194 27,76 22,51
Weavile,Focus Sash Fake Out Ice Punch Night Slash Protect Jolly Atk/Spd 145 172 85 58 105 194 27,76 22,51
Weavile,Focus Sash Taunt Ice Punch Night Slash Fake Out Jolly Atk/Spd 145 172 85 58 105 194 27,76 22,51
Weezing,Payapa Berry Pain Split Explosion Haze Will-O-Wisp Impish HP/Def 172 110 189 94 90 80 73,22 22,88
Weezing,Poison Gem Sludge Bomb Fire Blast Stockpile Swallow Rash HP/SpA 172 110 140 150 81 80 54,23 20,59
Weezing,Black Sludge Sludge Bomb Thunder Fire Blast Shadow Ball Modest HP/SpA 172 99 140 150 90 80 54,23 22,88
Weezing,Chesto Berry Toxic Will-O-Wisp Stockpile Rest Careful HP/SpD 172 110 140 94 134 80 54,23 34,07
Whiscash,Chesto Berry Earthquake Tickle Amnesia Rest Careful Atk/SpD 185 130 93 86 135 80 38,75 36,92
Whiscash,Soft Sand Aqua Tail Earthquake Zen Headbutt Dragon Dance Adamant HP/Atk/Def 206 130 114 86 91 80 52,89 27,71
Whiscash,Expert Belt Earth Power Surf Blizzard Protect Modest SpA/SpD 185 88 93 140 123 80 38,75 33,64
Whiscash,Leftovers Rest Sleep Talk Fissure Muddy Water Calm HP/Def/SpD 206 88 114 96 123 80 52,89 37,45
Yanmega,Cheri Berry Air Slash Bug Buzz Detect U-turn Rash SpA/SpD 161 96 106 184 97 115 38,44 23,08
Yanmega,Sitrus Berry Psychic Bug Buzz Swagger Substitute Modest HP/SpA 193 86 106 184 76 115 46,08 21,68
Yanmega,Lum Berry Silver Wind Air Slash Detect Giga Drain Modest Spd/SpA 161 86 106 184 76 147 38,44 18,09
Yanmega,King's Rock Bug Buzz Air Slash Detect Shadow Ball Modest Spd/SpA 161 86 106 184 76 147 38,44 18,09
Zapdos,Magnet Thunderbolt Signal Beam Air Cutter AncientPower Timid Spd/SpA 165 99 105 177 110 167 39,02 26,83
Zapdos,BrightPowder Charge Beam Heat Wave Double Team Roost Bold HP/SpD 197 99 115 145 142 120 51,02 41,35
Zapdos,Petaya Berry Thunder Light Screen Rain Dance Drill Peck Naive Spd/SpA 165 110 105 177 99 167 39,02 24,15
Zapdos,Lum Berry Thunderbolt Volt Switch Heat Wave Detect Timid Spd/SpA 165 99 105 177 110 167 39,02 26,83
Zebstrika,Electric Gem Swagger Volt Switch Wild Charge Pursuit Naughty HP/Atk 182 167 83 100 74 136 34,02 19,91
Zebstrika,Magnet Discharge Thunder Wave Thunder Rain Dance Timid Spd/SpA 150 108 83 132 83 184 28,04 18,40
Zebstrika,Air Balloon Flame Charge Toxic Wild Charge Volt Switch Jolly Atk/Spd 150 152 83 90 83 184 28,04 18,40
Zebstrika,Focus Sash Me First Wild Charge Thunder Wave Volt Switch Jolly Atk/Spd 150 152 83 90 83 184 28,04 18,40
Zoroark,Focus Sash Night Slash Shadow Claw Taunt Counter Naive Atk/Spd 135 157 80 140 72 172 24,32 14,37
Zoroark,Expert Belt Grass Knot Shadow Ball Flamethrower Nasty Plot Jolly Spd/SpA 135 125 80 154 80 172 24,32 15,96
Zoroark,Sitrus Berry Swords Dance Night Slash U-turn Sucker Punch Jolly Atk/Spd 135 157 80 126 80 172 24,32 15,96
Zoroark,Focus Band Protect Counter Dark Pulse Focus Blast Timid Spd/SpA 135 112 80 172 80 172 24,32 15,96